NUM_POST,latitude,longitude,type,commune,altitude,nom_usuel,num_dep
6088001,43.649,7.209,IN,NICE,2,NICE,6
6088001,43.649,7.209,RR,NICE,2,NICE,6
6088001,43.649,7.209,TN,NICE,2,NICE,6
6088001,43.649,7.209,TX,NICE,2,NICE,6
13054001,43.438,5.216,IN,MARIGNANE,9,MARIGNANE,13
13054001,43.438,5.216,RR,MARIGNANE,9,MARIGNANE,13
13054001,43.438,5.216,TN,MARIGNANE,9,MARIGNANE,13
13054001,43.438,5.216,TX,MARIGNANE,9,MARIGNANE,13
16089001,45.665,-0.316,IN,CHATEAUBERNARD,30,COGNAC,16
16089001,45.665,-0.316,RR,CHATEAUBERNARD,30,COGNAC,16
16089001,45.665,-0.316,TN,CHATEAUBERNARD,30,COGNAC,16
16089001,45.665,-0.316,TX,CHATEAUBERNARD,30,COGNAC,16
18033001,47.059,2.36,IN,BOURGES,161,BOURGES,18
18033001,47.059,2.36,RR,BOURGES,161,BOURGES,18
18033001,47.059,2.36,TN,BOURGES,161,BOURGES,18
18033001,47.059,2.36,TX,BOURGES,161,BOURGES,18
21473001,47.268,5.088,IN,OUGES,219,DIJON-LONGVIC,21
21473001,47.268,5.088,RR,OUGES,219,DIJON-LONGVIC,21
21473001,47.268,5.088,TN,OUGES,219,DIJON-LONGVIC,21
21473001,47.268,5.088,TX,OUGES,219,DIJON-LONGVIC,21
25056001,47.249,5.989,IN,BESANCON,307,BESANCON,25
25056001,47.249,5.989,RR,BESANCON,307,BESANCON,25
25056001,47.249,5.989,TN,BESANCON,307,BESANCON,25
25056001,47.249,5.989,TX,BESANCON,307,BESANCON,25
26198001,44.581,4.733,IN,MONTELIMAR,73,MONTELIMAR,26
26198001,44.581,4.733,RR,MONTELIMAR,73,MONTELIMAR,26
26198001,44.581,4.733,TN,MONTELIMAR,73,MONTELIMAR,26
26198001,44.581,4.733,TX,MONTELIMAR,73,MONTELIMAR,26
28070001,48.461,1.501,IN,CHAMPHOL,155,CHARTRES,28
28070001,48.461,1.501,RR,CHAMPHOL,155,CHARTRES,28
28070001,48.461,1.501,TN,CHAMPHOL,155,CHARTRES,28
28070001,48.461,1.501,TX,CHAMPHOL,155,CHARTRES,28
29075001,48.45,-4.383,IN,GUIPAVAS,92,BREST-GUIPAVAS,29
29075001,48.45,-4.383,RR,GUIPAVAS,92,BREST-GUIPAVAS,29
29075001,48.45,-4.383,TN,GUIPAVAS,92,BREST-GUIPAVAS,29
29075001,48.45,-4.383,TX,GUIPAVAS,92,BREST-GUIPAVAS,29
30189001,43.857,4.406,IN,NIMES,59,NIMES-COURBESSAC,30
30189001,43.857,4.406,RR,NIMES,59,NIMES-COURBESSAC,30
30189001,43.857,4.406,TN,NIMES,59,NIMES-COURBESSAC,30
30189001,43.857,4.406,TX,NIMES,59,NIMES-COURBESSAC,30
31069001,43.621,1.379,IN,BLAGNAC,151,TOULOUSE-BLAGNAC,31
31069001,43.621,1.379,RR,BLAGNAC,151,TOULOUSE-BLAGNAC,31
31069001,43.621,1.379,TN,BLAGNAC,151,TOULOUSE-BLAGNAC,31
31069001,43.621,1.379,TX,BLAGNAC,151,TOULOUSE-BLAGNAC,31
33281001,44.831,-0.691,IN,MERIGNAC,47,BORDEAUX-MERIGNAC,33
33281001,44.831,-0.691,TN,MERIGNAC,47,BORDEAUX-MERIGNAC,33
33281001,44.831,-0.691,TX,MERIGNAC,47,BORDEAUX-MERIGNAC,33
34154001,43.576,3.965,IN,MAUGUIO,1,MONTPELLIER-AEROPORT,34
34154001,43.576,3.965,RR,MAUGUIO,1,MONTPELLIER-AEROPORT,34
34154001,43.576,3.965,TN,MAUGUIO,1,MONTPELLIER-AEROPORT,34
34154001,43.576,3.965,TX,MAUGUIO,1,MONTPELLIER-AEROPORT,34
35281001,48.069,-1.734,IN,SAINT-JACQUES-DE-LA-LANDE,36,RENNES-ST JACQUES,35
35281001,48.069,-1.734,RR,SAINT-JACQUES-DE-LA-LANDE,36,RENNES-ST JACQUES,35
35281001,48.069,-1.734,TN,SAINT-JACQUES-DE-LA-LANDE,36,RENNES-ST JACQUES,35
35281001,48.069,-1.734,TX,SAINT-JACQUES-DE-LA-LANDE,36,RENNES-ST JACQUES,35
37179001,47.445,0.727,IN,PARCAY-MESLAY,108,TOURS,37
37179001,47.445,0.727,RR,PARCAY-MESLAY,108,TOURS,37
37179001,47.445,0.727,TN,PARCAY-MESLAY,108,TOURS,37
37179001,47.445,0.727,TX,PARCAY-MESLAY,108,TOURS,37
43062001,45.075,3.764,IN,CHASPUZAC,833,LE PUY-LOUDES,43
43062001,45.075,3.764,RR,CHASPUZAC,833,LE PUY-LOUDES,43
44020001,47.15,-1.609,IN,BOUGUENAIS,26,NANTES-BOUGUENAIS,44
44020001,47.15,-1.609,RR,BOUGUENAIS,26,NANTES-BOUGUENAIS,44
44020001,47.15,-1.609,TN,BOUGUENAIS,26,NANTES-BOUGUENAIS,44
44020001,47.15,-1.609,TX,BOUGUENAIS,26,NANTES-BOUGUENAIS,44
45055001,47.991,1.778,IN,BRICY,123,ORLEANS,45
45055001,47.991,1.778,RR,BRICY,123,ORLEANS,45
45055001,47.991,1.778,TN,BRICY,123,ORLEANS,45
45055001,47.991,1.778,TX,BRICY,123,ORLEANS,45
51449002,49.21,4.155,IN,PRUNAY,95,REIMS-PRUNAY,51
51449002,49.21,4.155,RR,PRUNAY,95,REIMS-PRUNAY,51
54526001,48.688,6.222,IN,TOMBLAINE,212,NANCY-ESSEY,54
54526001,48.688,6.222,RR,TOMBLAINE,212,NANCY-ESSEY,54
54526001,48.688,6.222,TN,TOMBLAINE,212,NANCY-ESSEY,54
54526001,48.688,6.222,TX,TOMBLAINE,212,NANCY-ESSEY,54
60639001,49.447,2.127,IN,TILLE,89,BEAUVAIS-TILLE,60
60639001,49.447,2.127,RR,TILLE,89,BEAUVAIS-TILLE,60
60639001,49.447,2.127,TN,TILLE,89,BEAUVAIS-TILLE,60
60639001,49.447,2.127,TX,TILLE,89,BEAUVAIS-TILLE,60
63113001,45.787,3.149,IN,CLERMONT-FERRAND,331,CLERMONT-FD,63
63113001,45.787,3.149,RR,CLERMONT-FERRAND,331,CLERMONT-FD,63
63113001,45.787,3.149,TN,CLERMONT-FERRAND,331,CLERMONT-FD,63
63113001,45.787,3.149,TX,CLERMONT-FERRAND,331,CLERMONT-FD,63
64549001,43.385,-0.416,IN,UZEIN,183,PAU-UZEIN,64
64549001,43.385,-0.416,RR,UZEIN,183,PAU-UZEIN,64
64549001,43.385,-0.416,TN,UZEIN,183,PAU-UZEIN,64
64549001,43.385,-0.416,TX,UZEIN,183,PAU-UZEIN,64
66136001,42.737,2.873,IN,PERPIGNAN,42,PERPIGNAN,66
66136001,42.737,2.873,RR,PERPIGNAN,42,PERPIGNAN,66
66136001,42.737,2.873,TN,PERPIGNAN,42,PERPIGNAN,66
66136001,42.737,2.873,TX,PERPIGNAN,42,PERPIGNAN,66
67124001,48.55,7.64,IN,HOLTZHEIM,150,STRASBOURG-ENTZHEIM,67
67124001,48.55,7.64,RR,HOLTZHEIM,150,STRASBOURG-ENTZHEIM,67
67124001,48.55,7.64,TN,HOLTZHEIM,150,STRASBOURG-ENTZHEIM,67
67124001,48.55,7.64,TX,HOLTZHEIM,150,STRASBOURG-ENTZHEIM,67
69029001,45.721,4.949,IN,SAINT-PRIEST,202,LYON-BRON,69
69029001,45.721,4.949,RR,SAINT-PRIEST,202,LYON-BRON,69
69029001,45.721,4.949,TN,SAINT-PRIEST,202,LYON-BRON,69
69029001,45.721,4.949,TX,SAINT-PRIEST,202,LYON-BRON,69
75114001,48.822,2.338,IN,PARIS 14E ARRONDISSEMENT,75,PARIS-MONTSOURIS,75
75114001,48.822,2.338,RR,PARIS 14E ARRONDISSEMENT,75,PARIS-MONTSOURIS,75
75114001,48.822,2.338,TN,PARIS 14E ARRONDISSEMENT,75,PARIS-MONTSOURIS,75
75114001,48.822,2.338,TX,PARIS 14E ARRONDISSEMENT,75,PARIS-MONTSOURIS,75
1034004,45.769,5.688,RR,BELLEY,330,BELLEY,1
1072001,46.204,5.288,RR,JASSERON,260,CEYZERIAT_SAPC,1
1089001,45.977,5.329,RR,CHATEAU-GAILLARD,250,AMBERIEU,1
1089001,45.977,5.329,TN,CHATEAU-GAILLARD,250,AMBERIEU,1
1089001,45.977,5.329,TX,CHATEAU-GAILLARD,250,AMBERIEU,1
1143002,46.342,6.14,RR,DIVONNE-LES-BAINS,467,DIVONNE ZA,1
1235001,46.039,5.044,RR,MARLIEUX,280,MARLIEUX,1
1247003,46.379,6.019,RR,MIJOUX,1002,MIJOUX,1
1367002,46.403,5.11,RR,SAINT-JULIEN-SUR-REYSSOUZE,189,SAINT JULIEN SUR REYSSOUZE,1
2058001,49.39,3.733,RR,BEAURIEUX,56,BEAURIEUX,2
2320001,49.818,3.206,RR,FONTAINE-LES-CLERCS,98,ST QUENTIN,2
2320001,49.818,3.206,TN,FONTAINE-LES-CLERCS,98,ST QUENTIN,2
2320001,49.818,3.206,TX,FONTAINE-LES-CLERCS,98,ST QUENTIN,2
2346001,49.6,3.781,RR,GIZY,75,GIZY,2
2471001,49.486,3.693,RR,MARTIGNY-COURPIERRE,95,MARTIGNY-COURPI,2
2585001,49.28,3.331,RR,PARCY-ET-TIGNY,148,PARCY-ET-TIGNY,2
2738001,49.664,3.321,RR,TERGNIER,59,TERGNIER,2
3059001,46.276,3.226,RR,CHAREIL-CINTRAT,286,CHAREIL-CINTRAT_SAPC,3
3059001,46.276,3.226,TN,CHAREIL-CINTRAT,286,CHAREIL-CINTRAT_SAPC,3
3059001,46.276,3.226,TX,CHAREIL-CINTRAT,286,CHAREIL-CINTRAT_SAPC,3
3060001,46.167,3.399,RR,CHARMEIL,249,VICHY-CHARMEIL,3
3060001,46.167,3.399,TN,CHARMEIL,249,VICHY-CHARMEIL,3
3060001,46.167,3.399,TX,CHARMEIL,249,VICHY-CHARMEIL,3
3074001,46.631,3.549,RR,CHEVAGNES,228,CHEVAGNES,3
3100001,46.542,3.707,RR,DIOU,220,DIOU,3
3125001,45.985,3.64,RR,LA GUILLERMIE,722,LA GUILLERMIE,3
3130002,46.663,2.73,RR,ISLE-ET-BARDAIS,260,ISLE-ET-BARDAIS,3
3162001,46.583,3.195,RR,MARIGNY,249,MARIGNY,3
3185007,46.355,2.575,RR,DOMERAT,229,MONTLUCON,3
3204001,46.284,3.338,RR,PARAY-SOUS-BRIAILLES,250,PARAY-SOUS-BRIAILLES,3
3204001,46.284,3.338,TN,PARAY-SOUS-BRIAILLES,250,PARAY-SOUS-BRIAILLES,3
3204001,46.284,3.338,TX,PARAY-SOUS-BRIAILLES,250,PARAY-SOUS-BRIAILLES,3
3310001,46.118,3.439,RR,VICHY,255,VICHY-VILLE,3
3321001,46.579,3.354,RR,YZEURE,242,YZEURE,3
4039001,43.849,6.508,RR,CASTELLANE,729,CASTELLANE,4
4041001,43.938,5.98,RR,LE CASTELLET,473,LE CASTELLET,4
4049001,44.062,5.99,RR,CHATEAU-ARNOUX-SAINT-AUBAN,458,ST AUBAN,4
4049001,44.062,5.99,TN,CHATEAU-ARNOUX-SAINT-AUBAN,458,ST AUBAN,4
4049001,44.062,5.99,TX,CHATEAU-ARNOUX-SAINT-AUBAN,458,ST AUBAN,4
4070009,44.07,6.187,RR,DIGNE-LES-BAINS,554,DIGNE LES BAINS,4
4096002,44.414,6.725,RR,JAUSIERS,1240,JAUSIERS-ST ANNE,4
4230001,43.84,6.001,RR,VALENSOLE,600,VALENSOLE,4
5007001,44.781,6.737,RR,ARVIEUX,1690,ARVIEUX LA CHALP,5
5007001,44.781,6.737,TN,ARVIEUX,1690,ARVIEUX LA CHALP,5
5026001,44.671,6.776,RR,CEILLAC,1665,CEILLAC,5
5038001,44.759,6.809,RR,CHATEAU-VILLE-VIEILLE,1355,CHATEAU-VILLE-VIEILLE,5
5046001,44.571,6.509,RR,EMBRUN,873,EMBRUN,5
5046001,44.571,6.509,TN,EMBRUN,873,EMBRUN,5
5046001,44.571,6.509,TX,EMBRUN,873,EMBRUN,5
5064001,44.81,6.195,RR,LA CHAPELLE-EN-VALGAUDEMAR,1270,CHAPELLE-EN-VALGAUDEMAR,5
5064001,44.81,6.195,TX,LA CHAPELLE-EN-VALGAUDEMAR,1270,CHAPELLE-EN-VALGAUDEMAR,5
5070001,44.317,5.827,RR,LARAGNE-MONTEGLIN,575,LARAGNE-MONTEGLIN,5
5079001,44.972,6.514,RR,LE MONETIER-LES-BAINS,1459,LE MONETIER LES BAINS,5
5079001,44.972,6.514,TX,LE MONETIER-LES-BAINS,1459,LE MONETIER LES BAINS,5
5090002,44.748,6.123,RR,LA MOTTE-EN-CHAMPSAUR,1250,MOTTE-MOLINES,5
5093001,45.019,6.622,RR,NEVACHE,1603,NEVACHE-EDF-03,5
5098001,44.501,6.552,RR,LES ORRES,1446,LES ORRES,5
5098001,44.501,6.552,TN,LES ORRES,1446,LES ORRES,5
5098001,44.501,6.552,TX,LES ORRES,1446,LES ORRES,5
5101001,44.871,6.487,RR,VALLOUISE-PELVOUX,1270,PELVOUX,5
5132001,44.684,6.073,RR,SAINT-BONNET-EN-CHAMPSAUR,1005,ST-BONNET CHAMPSAUR,5
5139002,44.695,5.941,RR,DEVOLUY,1300,ST ETIENNE-EN-DEVOLUY,5
5139006,44.696,5.881,RR,DEVOLUY,1244,AGNIERES-EN-DEVOLUY,5
5142001,44.782,6.024,RR,SAINT-FIRMIN,935,ST FIRMIN,5
5142001,44.782,6.024,TX,SAINT-FIRMIN,935,ST FIRMIN,5
5157001,44.693,6.869,RR,SAINT-VERAN,2000,ST VERAN,5
5157001,44.693,6.869,TN,SAINT-VERAN,2000,ST VERAN,5
5157001,44.693,6.869,TX,SAINT-VERAN,2000,ST VERAN,5
5182001,44.827,6.146,RR,VILLAR-LOUBIERE,1072,VILLAR LOUBIERE,5
6004002,43.565,7.133,RR,ANTIBES,75,ANTIBES-GAROUPE,6
6004004,43.58,7.091,RR,ANTIBES,13,ANTIBES-GOLF,6
6016001,44.09,6.988,RR,BEUIL,1464,BEUIL-OBS,6
6023004,43.94,7.514,RR,BREIL-SUR-ROYA,305,BREIL SUR ROYA,6
6029001,43.557,6.951,RR,MANDELIEU-LA-NAPOULE,2,CANNES,6
6029001,43.557,6.951,TN,MANDELIEU-LA-NAPOULE,2,CANNES,6
6029001,43.557,6.951,TX,MANDELIEU-LA-NAPOULE,2,CANNES,6
6050002,43.792,7.049,RR,COURSEGOULES,985,COURSEGOULES_SAPC,6
6071001,44.091,6.852,RR,GUILLAUMES,788,GUILLAUMES-OBS,6
6077006,43.929,7.363,RR,LUCERAM,1443,PEIRA CAVA,6
6086001,43.942,7.415,RR,MOULINET,817,MOULINET,6
6088007,43.739,7.279,RR,NICE,238,NICE-RIMIEZ,6
6094002,44.1,6.931,RR,PEONE,1784,PEONE,6
6118002,43.679,6.809,RR,SAINT-CEZAIRE-SUR-SIAGNE,694,ST CEZAIRE SUR SIAGNE,6
6163001,44.087,7.595,RR,TENDE,792,TENDE-OBS,6
6163007,44.043,7.586,RR,TENDE,636,TENDE_SAPC,6
6163007,44.043,7.586,TN,TENDE,636,TENDE_SAPC,6
7005001,44.54,4.583,RR,ALBA-LA-ROMAINE,223,ALBA LA ROMAINE,7
7010001,45.246,4.671,RR,ANNONAY,336,ANNONAY,7
7010001,45.246,4.671,TN,ANNONAY,336,ANNONAY,7
7011002,44.719,4.352,RR,VALLEES-D'ANTRAIGUES-ASPERJOC,428,ANTRAIGUES,7
7019005,44.602,4.41,RR,AUBENAS,176,AUBENAS SA,7
7019005,44.602,4.41,TN,AUBENAS,176,AUBENAS SA,7
7019005,44.602,4.41,TX,AUBENAS,176,AUBENAS SA,7
7033001,44.34,4.299,RR,BESSAS,251,BESSAS,7
7064001,44.915,4.438,RR,LE CHEYLARD,418,CHEYLARD SA,7
7064001,44.915,4.438,TN,LE CHEYLARD,418,CHEYLARD SA,7
7064001,44.915,4.438,TX,LE CHEYLARD,418,CHEYLARD SA,7
7068001,45.016,4.671,RR,COLOMBIER-LE-JEUNE,566,COLOMBIER JEUNE RAD,7
7075001,44.78,4.1,RR,CROS-DE-GEORAND,1021,CROS GEORAND,7
7101001,44.411,4.301,RR,GROSPIERRES,127,GROSPIERRES,7
7105001,44.773,3.982,RR,ISSANLAS,1215,ISSANLAS,7
7105001,44.773,3.982,TN,ISSANLAS,1215,ISSANLAS,7
7105001,44.773,3.982,TX,ISSANLAS,1215,ISSANLAS,7
7117001,44.461,4.235,RR,LABLACHERE,265,LABLACHERE DROME,7
7117002,44.48,4.209,RR,LABLACHERE,295,LABLACHERE,7
7128001,45.118,4.535,RR,LALOUVESC,1090,LALOUVESC,7
7128001,45.118,4.535,TN,LALOUVESC,1090,LALOUVESC,7
7128001,45.118,4.535,TX,LALOUVESC,1090,LALOUVESC,7
7144001,44.6,4.049,RR,LOUBARESSE,1220,LOUBARESSE,7
7144001,44.6,4.049,TN,LOUBARESSE,1220,LOUBARESSE,7
7144001,44.6,4.049,TX,LOUBARESSE,1220,LOUBARESSE,7
7153001,44.667,4.113,RR,MAYRES,579,MAYRES,7
7159001,44.582,4.497,RR,MIRABEL,275,MIRABEL SA,7
7159001,44.582,4.497,TN,MIRABEL,275,MIRABEL SA,7
7159001,44.582,4.497,TX,MIRABEL,275,MIRABEL SA,7
7161001,44.716,4.207,RR,MONTPEZAT-SOUS-BAUZON,602,MONTPEZAT SA,7
7172002,45.286,4.706,RR,PEAUGRES,480,PEAUGRES RAD,7
7232001,44.651,3.949,RR,SAINT-ETIENNE-DE-LUGDARES,1022,ST-ETIENNE LUGDARES,7
7240001,44.86,4.833,RR,SAINT-GEORGES-LES-BAINS,112,ST-GEORGES BAIN,7
7261001,44.818,4.747,RR,SAINT-LAURENT-DU-PAPE,112,ST-LAURENT PAPE,7
7261001,44.818,4.747,TN,SAINT-LAURENT-DU-PAPE,112,ST-LAURENT PAPE,7
7261001,44.818,4.747,TX,SAINT-LAURENT-DU-PAPE,112,ST-LAURENT PAPE,7
7279001,44.442,4.636,RR,SAINT-MONTAN,130,ST-MONTAN,7
7286002,44.815,4.485,RR,SAINT-PIERREVILLE,560,ST-PIERREVILLE,7
7331001,44.657,4.368,RR,VALS-LES-BAINS,250,VALS-LES-BAINS,7
7338001,44.9,4.652,RR,VERNOUX-EN-VIVARAIS,561,VERNOUX,7
7338001,44.9,4.652,TX,VERNOUX-EN-VIVARAIS,561,VERNOUX,7
7347001,45.201,4.554,RR,VOCANCE,529,VOCANCE,7
8105005,49.783,4.643,RR,TOURNES,145,CHARLEVILLE-MEZ,8
8116001,49.512,4.768,RR,BAIRON ET SES ENVIRONS,168,LE CHESNE,8
8207001,50.116,4.78,RR,HAM-SUR-MEUSE,109,HAM-SUR-MEUSE,8
8239001,49.397,4.372,RR,JUNIVILLE,90,JUNIVILLE,8
8239001,49.397,4.372,TN,JUNIVILLE,90,JUNIVILLE,8
8239001,49.397,4.372,TX,JUNIVILLE,90,JUNIVILLE,8
8255001,49.617,5.217,RR,LINAY,177,LINAY,8
8255001,49.617,5.217,TN,LINAY,177,LINAY,8
8255001,49.617,5.217,TX,LINAY,177,LINAY,8
8367002,49.919,4.53,RR,ROCROI,382,ROCROI,8
8367002,49.919,4.53,TN,ROCROI,382,ROCROI,8
8419001,49.686,4.419,RR,SIGNY-L'ABBAYE,180,SIGNY-L'ABBAYE,8
9023002,42.724,1.895,RR,ASCOU,1100,ASCOU LAVAIL,9
9023002,42.724,1.895,TN,ASCOU,1100,ASCOU LAVAIL,9
9023002,42.724,1.895,TX,ASCOU,1100,ASCOU LAVAIL,9
9027001,42.93,0.92,RR,AUGIREIN,655,AUGIREIN,9
9047001,42.904,1.937,RR,BELESTA,490,BELESTA,9
9181003,43.074,1.358,RR,LE MAS-D'AZIL,293,LE MAS D AZIL,9
9289001,43.005,1.107,RR,LORP-SENTARAILLE,414,ST GIRONS,9
9289001,43.005,1.107,TN,LORP-SENTARAILLE,414,ST GIRONS,9
9289001,43.005,1.107,TX,LORP-SENTARAILLE,414,ST GIRONS,9
9328001,42.792,1.69,RR,VERDUN,550,VERDUN,9
10030001,48.325,4.02,RR,BARBEREY-SAINT-SULPICE,112,TROYES-BARBEREY,10
10042001,48.179,3.663,RR,BERULLE,146,BERULLE,10
10057001,48.44,3.505,RR,FONTAINE-MACON,102,BOUY-SUR-ORVIN,10
10057001,48.44,3.505,TN,FONTAINE-MACON,102,BOUY-SUR-ORVIN,10
10057001,48.44,3.505,TX,FONTAINE-MACON,102,BOUY-SUR-ORVIN,10
10130001,48.609,4.225,RR,DOSNON,115,DOSNON,10
10238001,48.245,4.322,RR,MESNIL-SAINT-PERE,142,MESNIL-ST-PERE,10
10261001,47.984,4.496,RR,MUSSY-SUR-SEINE,193,MUSSY-SUR-SEINE,10
10323001,48.503,3.75,RR,ROMILLY-SUR-SEINE,77,ROMILLY,10
10350001,48.17,3.789,RR,SAINT-MARDS-EN-OTHE,227,ST-MARDS,10
10401001,48.233,4.463,RR,VENDEUVRE-SUR-BARSE,180,VENDEUVRE-SUR-B,10
10419001,48.179,4.234,RR,VILLEMOYENNE,134,VILLEMOYENNE,10
11012001,43.308,2.912,RR,ARGELIERS,31,ARGELIERS,11
11012001,43.308,2.912,TN,ARGELIERS,31,ARGELIERS,11
11012001,43.308,2.912,TX,ARGELIERS,31,ARGELIERS,11
11015001,42.952,2.375,RR,ARQUES,350,ARQUES,11
11028001,42.82,1.968,RR,BELCAIRE,980,BELCAIRE,11
11069001,43.215,2.296,RR,CARCASSONNE,128,CARCASSONNE,11
11069001,43.215,2.296,TN,CARCASSONNE,128,CARCASSONNE,11
11069001,43.215,2.296,TX,CARCASSONNE,128,CARCASSONNE,11
11076001,43.305,1.949,RR,CASTELNAUDARY,160,CASTELNAUDARY,11
11076001,43.305,1.949,TN,CASTELNAUDARY,160,CASTELNAUDARY,11
11076001,43.305,1.949,TX,CASTELNAUDARY,160,CASTELNAUDARY,11
11144001,42.895,2.996,RR,FITOU,9,FITOU,11
11262005,43.15,2.956,RR,NARBONNE,110,NARBONNE,11
12011001,44.168,2.619,RR,ARVIEU,733,ARVIEU,12
12094002,44.636,2.56,RR,ENTRAYGUES-SUR-TRUYERE,264,ENTRAYGUES SUR,12
12096001,44.51,2.769,RR,ESPALION,359,ESPALION,12
12150001,44.266,1.992,RR,MONTEILS,268,MONTEILS,12
12179001,43.762,2.867,RR,PEUX-ET-COUFFOULEUX,830,PEUX-ET-COUFFOULEUX_SAPC,12
12224001,44.464,2.968,RR,SAINT GENIEZ D'OLT ET D'AUBRAC,420,ST-GENIEZ-D'OLT,12
12253001,44.152,2.866,RR,SALLES-CURAN,959,SALLES CURAN,12
12253001,44.152,2.866,TN,SALLES-CURAN,959,SALLES CURAN,12
12253001,44.152,2.866,TX,SALLES-CURAN,959,SALLES CURAN,12
12254001,44.41,2.483,RR,SALLES-LA-SOURCE,578,RODEZ-AVEYRON,12
12298001,44.531,2.572,RR,VILLECOMTAL,318,VILLECOMTAL,12
12300004,44.372,2.024,RR,VILLEFRANCHE-DE-ROUERGUE,330,VILLEFRANCHE-DE-ROUERGUE,12
13001009,43.53,5.425,RR,AIX-EN-PROVENCE,173,AIX EN PROVENCE,13
13001009,43.53,5.425,TN,AIX-EN-PROVENCE,173,AIX EN PROVENCE,13
13001009,43.53,5.425,TX,AIX-EN-PROVENCE,173,AIX EN PROVENCE,13
13005003,43.307,5.601,RR,AUBAGNE,130,AUBAGNE,13
13030001,43.274,5.7,RR,CUGES-LES-PINS,184,CUGES-LES-PINS,13
13036003,43.847,4.835,RR,EYRAGUES,17,EYRAGUES,13
13047001,43.523,4.928,RR,ISTRES,23,ISTRES,13
13047001,43.523,4.928,TN,ISTRES,23,ISTRES,13
13047001,43.523,4.928,TX,ISTRES,23,ISTRES,13
13055001,43.304,5.39,RR,MARSEILLE 1ER ARRONDISSEMENT,75,MARSEILLE-OBS,13
13092001,43.55,5.04,RR,SAINT-CHAMAS,10,ST CHAMAS,13
13103001,43.613,5.108,RR,SALON-DE-PROVENCE,58,SALON DE PROVENCE,13
13103001,43.613,5.108,TN,SALON-DE-PROVENCE,58,SALON DE PROVENCE,13
13103001,43.613,5.108,TX,SALON-DE-PROVENCE,58,SALON DE PROVENCE,13
13108004,43.83,4.64,RR,TARASCON,15,TARASCON,13
13110003,43.445,5.699,RR,TRETS,264,TRETS,13
14047002,49.275,-0.712,RR,BAYEUX,60,BAYEUX,14
14066001,49.334,-0.431,RR,BERNIERES-SUR-MER,2,BERNIERES,14
14096001,48.991,-0.781,RR,BREMOY,240,BREMOY,14
14137001,49.18,-0.456,RR,CARPIQUET,67,CAEN-CARPIQUET,14
14137001,49.18,-0.456,TN,CARPIQUET,67,CAEN-CARPIQUET,14
14137001,49.18,-0.456,TX,CARPIQUET,67,CAEN-CARPIQUET,14
14239001,49.388,-0.957,RR,ENGLESQUEVILLE-LA-PERCEE,38,ENGLESQUEVILLE,14
14239001,49.388,-0.957,TN,ENGLESQUEVILLE-LA-PERCEE,38,ENGLESQUEVILLE,14
14578001,49.365,0.167,RR,SAINT-GATIEN-DES-BOIS,139,ST GATIEN DES B,14
14578001,49.365,0.167,TN,SAINT-GATIEN-DES-BOIS,139,ST GATIEN DES B,14
14578001,49.365,0.167,TX,SAINT-GATIEN-DES-BOIS,139,ST GATIEN DES B,14
14634001,49.007,0.13,RR,LIVAROT-PAYS-D'AUGE,140,SAINT MICHEL DE,14
15014004,44.892,2.419,RR,AURILLAC,632,AURILLAC,15
15050001,45.173,2.711,RR,LE CLAUX,1033,LE CLAUX,15
15050001,45.173,2.711,TN,LE CLAUX,1033,LE CLAUX,15
15050001,45.173,2.711,TX,LE CLAUX,1033,LE CLAUX,15
15085001,44.855,2.541,RR,LABROUSSE,800,LABROUSSE,15
15118002,45.003,2.475,RR,MARMANHAC,644,MARMANHAC,15
15118002,45.003,2.475,TN,MARMANHAC,644,MARMANHAC,15
15119001,45.263,3.198,RR,MASSIAC,533,MASSIAC,15
15162003,45.28,2.665,RR,RIOM-ES-MONTAGNES,837,RIOM-MONTAGNES,15
15187006,45.024,3.067,RR,SAINT-FLOUR,909,ST FLOUR,15
15191001,45.064,2.304,RR,SAINT-ILLIDE,635,ST ILLIDE,15
16028001,45.481,-0.149,RR,BARBEZIEUX-SAINT-HILAIRE,72,BARBEZIEUX,16
16113001,45.628,0.1,RR,LA COURONNE,58,LA COURONNE,16
16113001,45.628,0.1,TN,LA COURONNE,58,LA COURONNE,16
16113001,45.628,0.1,TX,LA COURONNE,58,LA COURONNE,16
16193001,45.736,-0.382,RR,CHERVES-RICHEMONT,51,LOUZAC ST ANDRE,16
16256001,45.334,-0.079,RR,PASSIRAC,114,PASSIRAC,16
16390001,45.949,0.062,RR,TUSSON,88,TUSSON,16
17093002,45.862,-1.204,RR,LE CHATEAU-D'OLERON,3,CHATEAU D'OLERON,17
17111001,45.477,-0.51,RR,CLION,35,CLION,17
17218001,46.316,-1.012,RR,MARANS,2,MARANS,17
17224001,45.859,-0.32,RR,MATHA,38,MATHA,17
17243002,45.22,-0.292,RR,MONTLIEU-LA-GARDE,89,MONTLIEU_SAPC,17
17243002,45.22,-0.292,TN,MONTLIEU-LA-GARDE,89,MONTLIEU_SAPC,17
17268002,46.02,-0.407,RR,NUAILLE-SUR-BOUTONNE,36,NUAILLE SUR BOUTONNE,17
17300009,46.178,-1.193,RR,LA ROCHELLE,20,LA ROCHELLE-ILE DE RE,17
17300009,46.178,-1.193,TN,LA ROCHELLE,20,LA ROCHELLE-ILE DE RE,17
17300009,46.178,-1.193,TX,LA ROCHELLE,20,LA ROCHELLE-ILE DE RE,17
17306004,45.633,-0.975,RR,MEDIS,12,ROYAN-MEDIS,17
17318001,46.243,-1.562,RR,SAINT-CLEMENT-DES-BALEINES,10,SAINT-CLEMENT DES BALEINES,17
17323001,46.047,-1.412,RR,SAINT-DENIS-D'OLERON,11,CHASSIRON,17
17323001,46.047,-1.412,TN,SAINT-DENIS-D'OLERON,11,CHASSIRON,17
17323001,46.047,-1.412,TX,SAINT-DENIS-D'OLERON,11,CHASSIRON,17
17353001,45.988,-1.027,RR,SAINT-LAURENT-DE-LA-PREE,3,ST-LAURENT PREE-INRA,17
17415003,45.761,-0.652,RR,SAINTES,38,SAINTES,17
17415003,45.761,-0.652,TN,SAINTES,38,SAINTES,17
17415003,45.761,-0.652,TX,SAINTES,38,SAINTES,17
18003003,47.21,2.552,RR,LES AIX-D'ANGILLON,195,LES AIX-D'ANG.,18
18015003,47.5,2.427,RR,AUBIGNY-SUR-NERE,176,AUBIGNY-SUR-NERE,18
18036001,47.167,2.081,RR,BRINAY,131,BRINAY,18
18037001,47.565,2.262,RR,BRINON-SUR-SAULDRE,133,BRINON,18
18047001,47.374,2.427,RR,LA CHAPELLE-D'ANGILLON,190,CHAPELLE-D'ANG_SAPC,18
18057003,46.564,2.218,RR,CHATEAUMEILLANT,243,CHATEAUMEILLANT,18
18087001,46.878,2.566,RR,DUN-SUR-AURON,160,DUN,18
18089001,46.563,2.52,RR,EPINEUIL-LE-FLEURIEL,228,EPINEUIL,18
18092001,47.052,2.642,RR,FARGES-EN-SEPTAINE,175,AVORD,18
18092001,47.052,2.642,TN,FARGES-EN-SEPTAINE,175,AVORD,18
18092001,47.052,2.642,TX,FARGES-EN-SEPTAINE,175,AVORD,18
18109002,47.286,2.579,RR,HENRICHEMONT,377,HENRICHEMONT,18
18125004,47.458,2.893,RR,LERE,139,LERE,18
18172003,46.731,2.467,RR,ORVAL,165,ORVAL RAD,18
18175003,46.925,2.803,RR,OUROUER-LES-BOURDELINS,221,OUROUER,18
18187004,46.425,2.237,RR,PREVERANGES,462,PREVERANGES,18
18207003,46.989,2.249,RR,SAINT-FLORENT-SUR-CHER,146,ST-FLORENT/CHER,18
18223003,47.201,2.417,RR,SAINT-MARTIN-D'AUXIGNY,172,ST-MARTIN-D'A.,18
18223003,47.201,2.417,TN,SAINT-MARTIN-D'AUXIGNY,172,ST-MARTIN-D'A.,18
18223003,47.201,2.417,TX,SAINT-MARTIN-D'AUXIGNY,172,ST-MARTIN-D'A.,18
18231001,46.729,2.632,RR,SAINT-PIERRE-LES-ETIEUX,174,ST-PIERRE,18
18242001,46.831,2.927,RR,SANCOINS,203,SANCOINS,18
18279001,47.22,2.014,RR,VIERZON,98,VIERZON - VEVES,18
18279001,47.22,2.014,TN,VIERZON,98,VIERZON - VEVES,18
19010001,45.101,1.938,RR,ARGENTAT-SUR-DORDOGNE,190,ARGENTAT,19
19016001,45.345,1.824,RR,BAR,269,BAR,19
19033001,45.603,1.93,RR,BUGEAT,694,BUGEAT,19
19034001,44.984,1.988,RR,CAMPS-SAINT-MATHURIN-LEOBAZEL,519,CAMPS,19
19034001,44.984,1.988,TX,CAMPS-SAINT-MATHURIN-LEOBAZEL,519,CAMPS,19
19073006,45.399,2.059,RR,EGLETONS,610,EGLETONS,19
19125001,45.284,2.04,RR,MARCILLAC-LA-CROISILLE,598,MARCILLAC,19
19136002,45.534,2.154,RR,MEYMAC,670,MEYMAC,19
19139001,45.643,2.096,RR,MILLEVACHES,915,MILLEVACHES,19
19237001,45.139,2.096,RR,SAINT-PRIVAT,585,ST-PRIVAT,19
19272001,45.243,1.74,RR,TULLE,235,TULLE,19
19272001,45.243,1.74,TX,TULLE,235,TULLE,19
19275001,45.559,2.321,RR,USSEL,654,USSEL-LAMARTINE,19
19275001,45.559,2.321,TN,USSEL,654,USSEL-LAMARTINE,19
19275001,45.559,2.321,TX,USSEL,654,USSEL-LAMARTINE,19
19288004,45.28,1.416,RR,VOUTEZAC,124,VOUTEZAC,19
20004002,41.918,8.793,RR,AJACCIO,5,AJACCIO,20
20004002,41.918,8.793,TN,AJACCIO,5,AJACCIO,20
20004002,41.918,8.793,TX,AJACCIO,5,AJACCIO,20
20004003,41.908,8.618,RR,AJACCIO,124,AJACCIO-PARATA,20
20004003,41.908,8.618,TX,AJACCIO,124,AJACCIO-PARATA,20
20040001,42.08,9.053,RR,BOCOGNANO,660,BOCOGNANO-GARE,20
20108002,42.263,8.839,RR,EVISA,1030,EVISA-ONF,20
20211001,41.785,8.979,RR,PETRETO-BICCHISANO,450,PETRETO BICCHISANO,20
20272001,41.62,8.962,RR,SARTENE,272,SARTENE-CIMETIERE,20
20312001,41.879,8.989,RR,SANTA-MARIA-SICHE,541,SANTA MARIA SICHE,20
21154001,47.849,4.581,RR,CHATILLON-SUR-SEINE,262,CHATILLON/SEINE,21
21154001,47.849,4.581,TN,CHATILLON-SUR-SEINE,262,CHATILLON/SEINE,21
21154001,47.849,4.581,TX,CHATILLON-SUR-SEINE,262,CHATILLON/SEINE,21
21231001,47.321,5.019,RR,DIJON,241,DIJON,21
21310001,47.319,4.596,RR,GROSBOIS-EN-MONTAGNE,376,GROSBOIS-EN-MONTAGNE,21
21386001,47.448,4.434,RR,MARIGNY-LE-CAHOUET,335,MARIGNY LE CAHOUET,21
21454001,47.86,4.315,RR,NICEY,209,NICEY,21
21501003,47.251,4.561,RR,POUILLY-EN-AUXOIS,412,POUILLY EN AUX_SAPC,21
21503001,47.543,5.418,RR,POUILLY-SUR-VINGEANNE,239,POUILLY SUR VINGEANNE,21
21519001,47.782,4.864,RR,RECEY-SUR-OURCE,326,RECEY SUR OURCE,21
21527001,46.953,4.674,RR,LA ROCHEPOT,417,LA ROCHEPOT,21
21527001,46.953,4.674,TN,LA ROCHEPOT,417,LA ROCHEPOT,21
21564001,47.122,5.072,RR,SAINT-NICOLAS-LES-CITEAUX,203,ST NIC. CITEAUX,21
21567001,47.125,4.499,RR,SAINT-PRIX-LES-ARNAY,396,ARNAY_SAPC,21
22113006,48.755,-3.469,RR,LANNION,85,LANNION_AERO,22
22147006,48.188,-2.421,RR,MERDRIGNAC,145,MERDRIGNAC,22
22147006,48.188,-2.421,TX,MERDRIGNAC,145,MERDRIGNAC,22
22168001,48.826,-3.473,RR,PERROS-GUIREC,55,PLOUMANAC'H,22
22168001,48.826,-3.473,TN,PERROS-GUIREC,55,PLOUMANAC'H,22
22168001,48.826,-3.473,TX,PERROS-GUIREC,55,PLOUMANAC'H,22
22243001,48.404,-3.522,RR,PLUSQUELLEC,214,PLUSQUELLEC,22
22266001,48.227,-3.295,RR,ROSTRENEN,236,ROSTRENEN,22
22266001,48.227,-3.295,TN,ROSTRENEN,236,ROSTRENEN,22
22266001,48.227,-3.295,TX,ROSTRENEN,236,ROSTRENEN,22
23008004,45.958,2.188,RR,AUBUSSON,486,AUBUSSON_SAPC,23
23013001,46.022,2.489,RR,AUZANCES,564,AUZANCES_SAPC,23
23021001,46.121,1.629,RR,BENEVENT-L'ABBAYE,460,BENEVENT_SAPC,23
23025001,46.315,1.916,RR,BONNAT,382,BONNAT,23
23030004,45.942,1.726,RR,BOURGANEUF,513,BOURGANEUF,23
23030004,45.942,1.726,TN,BOURGANEUF,513,BOURGANEUF,23
23031002,46.343,2.228,RR,BOUSSAC,380,BOUSSAC_SAPC,23
23046001,46.176,2.553,RR,CHAMBONCHARD,320,CHAMBONCHARD,23
23069002,45.867,2.362,RR,CROCQ,710,CROCQ,23
23075001,46.318,1.667,RR,DUN-LE-PALESTEL,365,DUN LE PALESTEL,23
23090003,45.785,1.997,RR,GENTIOUX-PIGEROLLES,794,GENTIOUX,23
23155001,45.996,1.853,RR,PONTARION,455,PONTARION_SAPC,23
23176001,46.243,1.452,RR,LA SOUTERRAINE,370,LA SOUTERRAINE,23
24037005,44.823,0.524,RR,BERGERAC,49,BERGERAC,24
24037005,44.823,0.524,TN,BERGERAC,49,BERGERAC,24
24037005,44.823,0.524,TX,BERGERAC,49,BERGERAC,24
24172001,44.935,1.02,RR,LES EYZIES,73,LES EYZIES DE TAYAC,24
24291001,45.052,1.147,RR,MONTIGNAC-LASCAUX,77,MONTIGNAC,24
24452001,45.358,0.319,RR,SAINT-MARTIAL-VIVEYROL,166,ST MARTIAL VIVEYROLS,24
25021001,47.032,5.782,RR,ARC-ET-SENANS,235,ARC-ET-SENANS,25
25021001,47.032,5.782,TN,ARC-ET-SENANS,235,ARC-ET-SENANS,25
25021001,47.032,5.782,TX,ARC-ET-SENANS,235,ARC-ET-SENANS,25
25047001,47.347,6.35,RR,BAUME-LES-DAMES,267,BAUME-LES-DAMES,25
25127001,47.219,6.815,RR,CHARQUEMONT,884,CHARQUEMONT,25
25127001,47.219,6.815,TX,CHARQUEMONT,884,CHARQUEMONT,25
25254001,46.834,6.437,RR,LES FOURGS,1140,LES FOURGS,25
25285001,47.019,6.567,RR,GRAND'COMBE-CHATELEU,769,GRAND'COMBE-CHATELEU_SAPC,25
25320001,46.78,6.28,RR,LABERGEMENT-SAINTE-MARIE,863,LABERGEMENT,25
25372001,47.456,6.601,RR,MEDIERE,302,MEDIERE,25
25413001,46.707,6.21,RR,MOUTHE,940,MOUTHE,25
25453001,47.217,6.529,RR,PIERREFONTAINE-LES-VARANS,695,PIERREFONTAINE,25
25462001,46.905,6.34,RR,DOMMARTIN,808,PONTARLIER,25
25462001,46.905,6.34,TN,DOMMARTIN,808,PONTARLIER,25
26035001,44.778,5.139,RR,BEAUFORT-SUR-GERVANNE,379,BEAUFORT-S-GERV,26
26047001,44.535,5.454,RR,BELLEGARDE-EN-DIOIS,1017,BELLEGARDE-EN-D,26
26113003,44.768,5.344,RR,DIE,384,DIE,26
26116002,44.429,4.725,RR,DONZERE,66,DONZERE,26
26116002,44.429,4.725,TX,DONZERE,66,DONZERE,26
26168001,44.673,5.711,RR,LUS-LA-CROIX-HAUTE,1059,LUS L CROIX HTE,26
26168001,44.673,5.711,TN,LUS-LA-CROIX-HAUTE,1059,LUS L CROIX HTE,26
26168001,44.673,5.711,TX,LUS-LA-CROIX-HAUTE,1059,LUS L CROIX HTE,26
26182001,44.329,5.101,RR,MIRABEL-AUX-BARONNIES,238,MIRABEL-AUX-BAR,26
26258001,44.618,4.977,RR,PUY-SAINT-MARTIN,211,PUY-ST-MARTIN,26
26295001,45.174,4.903,RR,SAINT-BARTHELEMY-DE-VALS,203,ST-BARTHELEMY-V_SAPC,26
26295001,45.174,4.903,TN,SAINT-BARTHELEMY-DE-VALS,203,ST-BARTHELEMY-V_SAPC,26
26295001,45.174,4.903,TX,SAINT-BARTHELEMY-DE-VALS,203,ST-BARTHELEMY-V_SAPC,26
26307001,45.009,5.293,RR,SAINT-JEAN-EN-ROYANS,308,ST-JEAN-EN-ROYA,26
26307001,45.009,5.293,TN,SAINT-JEAN-EN-ROYANS,308,ST-JEAN-EN-ROYA,26
26307001,45.009,5.293,TX,SAINT-JEAN-EN-ROYANS,308,ST-JEAN-EN-ROYA,26
26327001,44.694,5.428,RR,SAINT-ROMAN,545,ST ROMAN-DIOIS,26
26330001,45.271,4.93,RR,SAINT-SORLIN-EN-VALLOIRE,237,ST-SORLIN-EN-VA,26
26330001,45.271,4.93,TN,SAINT-SORLIN-EN-VALLOIRE,237,ST-SORLIN-EN-VA,26
26330001,45.271,4.93,TX,SAINT-SORLIN-EN-VALLOIRE,237,ST-SORLIN-EN-VA,26
27016001,49.245,1.413,RR,LES ANDELYS,16,LES ANDELYS,27
27112001,48.838,0.908,RR,BRETEUIL,168,BRETEUIL,27
27112001,48.838,0.908,TN,BRETEUIL,168,BRETEUIL,27
27112001,48.838,0.908,TX,BRETEUIL,168,BRETEUIL,27
27306001,48.977,1.182,RR,GUICHAINVILLE,147,GUICHAINVILLE,27
27306001,48.977,1.182,TN,GUICHAINVILLE,147,GUICHAINVILLE,27
27306001,48.977,1.182,TX,GUICHAINVILLE,147,GUICHAINVILLE,27
27375001,49.204,1.187,RR,LOUVIERS,25,LOUVIERS,27
28195001,48.566,1.621,RR,HOUX,107,HOUX,28
28195001,48.566,1.621,TN,HOUX,107,HOUX,28
28195001,48.566,1.621,TX,HOUX,107,HOUX,28
28198001,48.061,1.376,RR,JALLANS,126,CHATEAUDUN,28
28198001,48.061,1.376,TN,JALLANS,126,CHATEAUDUN,28
28198001,48.061,1.376,TX,JALLANS,126,CHATEAUDUN,28
28239002,48.653,1.372,RR,MARVILLE-MOUTIERS-BRULE,153,MARVILLE_SAPC,28
28280001,48.319,0.798,RR,NOGENT-LE-ROTROU,108,NOGENT-LE-ROTROU,28
28322001,48.712,0.959,RR,RUEIL-LA-GADELIERE,157,RUEIL,28
28322001,48.712,0.959,TN,RUEIL-LA-GADELIERE,157,RUEIL,28
28322001,48.712,0.959,TX,RUEIL-LA-GADELIERE,157,RUEIL,28
28363001,48.404,1.903,RR,SAINVILLE,149,SAINVILLE,28
28363001,48.404,1.903,TN,SAINVILLE,149,SAINVILLE,28
28363001,48.404,1.903,TX,SAINVILLE,149,SAINVILLE,28
28373002,48.558,1.012,RR,SENONCHES,239,SENONCHES,28
28386001,48.544,1.303,RR,THIMERT-GATELLES,225,THIMERT,28
29018001,48.353,-3.869,RR,BRENNILIS,220,BRENNILIS,29
29041002,48.066,-3.826,RR,CORAY,242,CORAY CHAT EAU,29
29082001,48.746,-4.012,RR,ILE-DE-BATZ,32,BATZ,29
29082001,48.746,-4.012,TN,ILE-DE-BATZ,32,BATZ,29
29082001,48.746,-4.012,TX,ILE-DE-BATZ,32,BATZ,29
29120001,48.279,-4.439,RR,LANVEOC,81,LANVEOC,29
29120001,48.279,-4.439,TN,LANVEOC,81,LANVEOC,29
29120001,48.279,-4.439,TX,LANVEOC,81,LANVEOC,29
29155005,48.473,-5.057,RR,OUESSANT,64,OUESSANT-STIFF,29
29155005,48.473,-5.057,TN,OUESSANT,64,OUESSANT-STIFF,29
29155005,48.473,-5.057,TX,OUESSANT,64,OUESSANT-STIFF,29
29158001,47.798,-4.375,RR,PENMARCH,3,PTE DE PENMARCH,29
29163003,48.5,-3.854,RR,PLEYBER-CHRIST,147,PLEYBER-CHRIST SA,29
29168001,48.039,-4.732,RR,PLOGOFF,67,PTE DU RAZ,29
29168001,48.039,-4.732,TN,PLOGOFF,67,PTE DU RAZ,29
29168001,48.039,-4.732,TX,PLOGOFF,67,PTE DU RAZ,29
29178001,48.548,-4.664,RR,PLOUDALMEZEAU,40,PLOUDALMEZEAU,29
30009001,43.979,3.444,RR,ALZON,611,ALZON,30
30076001,44.113,4.519,RR,CAVILLARGUES,131,CAVILLARGUES,30
30076001,44.113,4.519,TN,CAVILLARGUES,131,CAVILLARGUES,30
30076001,44.113,4.519,TX,CAVILLARGUES,131,CAVILLARGUES,30
30129001,44.073,3.978,RR,GENERARGUES,139,GENERARGUES,30
30202002,44.248,4.627,RR,PONT-SAINT-ESPRIT,79,PONT ST ESPRIT,30
30224001,43.932,4.241,RR,LA ROUVIERE,79,LA ROUVIERE,30
30243001,44.092,4.08,RR,SAINT-CHRISTOL-LEZ-ALES,129,ST CHRISTOL-LES-ALES,30
30243001,44.092,4.08,TX,SAINT-CHRISTOL-LEZ-ALES,129,ST CHRISTOL-LES-ALES,30
30258001,43.773,4.413,RR,SAINT-GILLES,94,NIMES-GARONS,30
30263001,43.962,3.835,RR,SAINT-HIPPOLYTE-DU-FORT,237,ST HIPPOLYTE,30
30269006,44.111,3.872,RR,SAINT-JEAN-DU-GARD,196,ST JEAN DU GARD,30
30269006,44.111,3.872,TN,SAINT-JEAN-DU-GARD,196,ST JEAN DU GARD,30
30269006,44.111,3.872,TX,SAINT-JEAN-DU-GARD,196,ST JEAN DU GARD,30
30305001,44.175,4.153,RR,SALINDRES,191,SALINDRES,30
30305001,44.175,4.153,TN,SALINDRES,191,SALINDRES,30
30305001,44.175,4.153,TX,SALINDRES,191,SALINDRES,30
30334003,43.993,4.402,RR,UZES,72,UZES,30
30349001,43.871,4.072,RR,VIC-LE-FESQ,45,VIC LE FESQ,30
30350001,43.99,3.612,RR,LE VIGAN,222,LE VIGAN,30
30352002,43.795,4.091,RR,VILLEVIEILLE,41,VILLEVIEILLE,30
31042012,42.802,0.6,RR,BAGNERES-DE-LUCHON,618,LUCHON,31
31042012,42.802,0.6,TN,BAGNERES-DE-LUCHON,618,LUCHON,31
31042012,42.802,0.6,TX,BAGNERES-DE-LUCHON,618,LUCHON,31
31070004,43.257,0.644,RR,BLAJAN,325,BLAJAN,31
31157001,43.54,1.373,RR,PORTET-SUR-GARONNE,164,TOULOUSE-FRANCAZAL,31
31157001,43.54,1.373,TN,PORTET-SUR-GARONNE,164,TOULOUSE-FRANCAZAL,31
31157001,43.54,1.373,TX,PORTET-SUR-GARONNE,164,TOULOUSE-FRANCAZAL,31
31374001,43.416,1.628,RR,MONTESQUIEU-LAURAGAIS,190,MONTESQUIEU-LAURAGAIS,31
31403002,43.778,1.321,RR,ONDES,109,ONDES,31
31403002,43.778,1.321,TN,ONDES,109,ONDES,31
31403002,43.778,1.321,TX,ONDES,109,ONDES,31
31451001,43.438,2.019,RR,REVEL,338,REVEL,31
32013005,43.689,0.601,RR,AUCH,122,AUCH,32
32013005,43.689,0.601,TN,AUCH,122,AUCH,32
32013005,43.689,0.601,TX,AUCH,122,AUCH,32
32132001,43.874,0.673,RR,FLEURANCE,108,FLEURANCE,32
32147001,43.628,0.884,RR,GIMONT,177,GIMONT,32
32190001,43.792,0.208,RR,LANNEPAX,175,LANNEPAX,32
32256001,43.53,0.401,RR,MIRANDE,184,MIRANDE,32
32355001,43.399,0.349,RR,SADEILLAN,263,SADEILLAN,32
33042001,44.494,-0.791,RR,BELIN-BELIET,36,BELIN-BELIET,33
33063001,44.85,-0.589,RR,BORDEAUX,10,BORDEAUX-PAULIN,33
33063001,44.85,-0.589,TN,BORDEAUX,10,BORDEAUX-PAULIN,33
33063001,44.85,-0.589,TX,BORDEAUX,10,BORDEAUX-PAULIN,33
33095001,44.295,-0.261,RR,CAPTIEUX,96,CAPTIEUX,33
33214002,45.001,-1.139,RR,LACANAU,16,LACANAU,33
33214002,45.001,-1.139,TN,LACANAU,16,LACANAU,33
33236002,44.631,-1.252,RR,LEGE-CAP-FERRET,8,CAP-FERRET,33
33236002,44.631,-1.252,TN,LEGE-CAP-FERRET,8,CAP-FERRET,33
33236002,44.631,-1.252,TX,LEGE-CAP-FERRET,8,CAP-FERRET,33
33484001,44.427,-0.489,RR,SAINT-SYMPHORIEN,54,ST-SYMPHORIEN,33
33504001,44.544,-0.327,RR,SAUTERNES,65,SAUTERNES,33
33504001,44.544,-0.327,TN,SAUTERNES,65,SAUTERNES,33
33529001,44.535,-1.132,RR,LA TESTE-DE-BUCH,23,CAZAUX,33
33529001,44.535,-1.132,TN,LA TESTE-DE-BUCH,23,CAZAUX,33
33529001,44.535,-1.132,TX,LA TESTE-DE-BUCH,23,CAZAUX,33
34032002,43.334,3.155,RR,BEZIERS,25,BEZIERS-COURTADE,34
34046005,43.622,2.865,RR,CAMBON-ET-SALVERGUES,955,CAMBON-ET-SALVERGUES,34
34064003,43.867,3.309,RR,LE CAYLAR,729,LE CAYLAR_SAPC,34
34142001,43.72,3.303,RR,OLMET-ET-VILLECUN,182,LODEVE,34
34144001,43.696,3.171,RR,LUNAS,249,LUNAS,34
34151005,43.634,4.168,RR,MARSILLARGUES,4,MARSILLARGUES,34
34174002,43.948,3.752,RR,MOULES-ET-BAUCELS,252,MOULES-ET-BAUCELS,34
34178001,43.476,3.146,RR,MURVIEL-LES-BEZIERS,140,MURVIEL LES BEZIERS,34
34274001,43.78,3.729,RR,SAINT-MARTIN-DE-LONDRES,214,ST MARTIN DE LONDRES,34
34277001,43.841,3.522,RR,SAINT-MAURICE-NAVACELLES,584,ST MAURICE-NAVACELLE,34
34319001,43.547,3.299,RR,VAILHAN,122,VAILHAN,34
35026001,48.112,-2.124,RR,BLERUAIS,84,BLERUAIS,35
35115001,48.337,-1.213,RR,FOUGERES,74,FOUGERES,35
35178001,48.309,-1.439,RR,MEZIERES-SUR-COUESNON,71,MEZIERES-SUR-C.,35
35202001,47.78,-1.765,RR,LA NOE-BLANCHE,89,LA-NOE-BLANCHE,35
35224001,48.525,-1.844,RR,PLERGUER,30,PLERGUER,35
35228001,48.585,-2.076,RR,PLEURTUIT,65,DINARD,35
35228001,48.585,-2.076,TN,PLEURTUIT,65,DINARD,35
35228001,48.585,-2.076,TX,PLEURTUIT,65,DINARD,35
35238003,48.126,-1.644,RR,RENNES,66,RENNES GALLET,35
35294001,47.691,-2.005,RR,SAINTE-MARIE,47,SAINTE MARIE,35
35347001,48.168,-1.302,RR,VAL-D'IZE,106,VAL-D-IZE,35
36001001,46.436,1.823,RR,AIGURANDE,427,AIGURANDE,36
36018001,46.637,1.073,RR,LE BLANC,117,LE BLANC,36
36034002,47.238,1.707,RR,CHABRIS,91,CHABRIS,36
36063001,46.87,1.741,RR,COINGS,158,CHATEAUROUX  DEOLS,36
36063001,46.87,1.741,TN,COINGS,158,CHATEAUROUX  DEOLS,36
36063001,46.87,1.741,TX,COINGS,158,CHATEAUROUX  DEOLS,36
36070001,46.436,1.581,RR,EGUZON-CHANTOME,272,EGUZON,36
36088005,46.96,2.029,RR,ISSOUDUN,140,ISSOUDUN_SAPC,36
36093002,46.949,1.663,RR,LEVROUX,169,LEVROUX - TREG.,36
36103001,47.131,1.442,RR,LUCAY-LE-MALE,119,LUCAY-LE-MALE,36
36113001,46.805,1.04,RR,MARTIZAY,80,MARTIZAY,36
36127002,46.61,1.974,RR,MONTGIVRAY,204,MONTGIVRAY,36
36139001,46.792,1.446,RR,NEUILLAY-LES-BOIS,121,NEUILLAY,36
36141001,46.598,1.799,RR,NEUVY-SAINT-SEPULCHRE,211,NEUVY-ST-SEP.,36
36147001,47.136,1.749,RR,ORVILLE,144,ORVILLE,36
36155001,46.975,1.406,RR,PELLEVOISIN,161,PELLEVOISIN,36
36186001,46.679,2.125,RR,SAINT-CHRISTOPHE-EN-BOUCHERIE,265,ST-CHRISTOPHE,36
36192001,46.637,1.43,RR,SAINT-GAULTIER,96,ST-GAULTIER,36
36208001,46.488,2.067,RR,SAINTE-SEVERE-SUR-INDRE,302,STE-SEVERE,36
36208001,46.488,2.067,TX,SAINTE-SEVERE-SUR-INDRE,302,STE-SEVERE,36
37023002,47.177,1.212,RR,BEAUMONT-VILLAGE,126,BEAUMONT_SAPC,37
37113001,46.921,0.796,RR,LE GRAND-PRESSIGNY,58,LE GRAND-PRES.,37
37119001,47.114,0.425,RR,L'ILE-BOUCHARD,39,L'ILE-BOUCHARD,37
37122001,47.325,0.661,RR,JOUE-LES-TOURS,93,JOUE-LES-TOURS OB,37
37128002,47.293,0.403,RR,LIGNIERES-DE-TOURAINE,32,LIGNIERES-DE-T.,37
37170001,47.608,0.596,RR,NEUVY-LE-ROI,103,NEUVY-LE-ROI,37
37240001,47.59,0.931,RR,SAUNAY,109,SAUNAY,37
37241001,47.442,0.32,RR,SAVIGNE-SUR-LATHAN,88,SAVIGNE/LATHAN,37
37253001,47.265,0.993,RR,SUBLAINES,111,SUBLAINES,37
38021001,45.182,5.552,RR,AUTRANS-MEAUDRE EN VERCORS,1069,AUTRANS,38
38034001,45.35,5.037,RR,BEAUREPAIRE,288,BEAUREPAIRE,38
38040001,45.071,6.168,RR,BESSE,1520,BESSE,38
38040001,45.071,6.168,TX,BESSE,1520,BESSE,38
38053003,45.608,5.309,RR,BOURGOIN-JALLIEU,358,BOURGOIN,38
38153001,45.176,5.617,RR,ENGINS,877,ENGINS,38
38162001,45.595,5.529,RR,FAVERGES-DE-LA-TOUR,367,FAVERGES,38
38242001,44.922,5.638,RR,MONESTIER-DE-CLERMONT,806,MONESTIER,38
38242001,44.922,5.638,TN,MONESTIER-DE-CLERMONT,806,MONESTIER,38
38242001,44.922,5.638,TX,MONESTIER-DE-CLERMONT,806,MONESTIER,38
38285001,45.052,5.987,RR,ORNON,950,ORNON,38
38315002,45.528,5.671,RR,LE PONT-DE-BEAUVOISIN,284,PONT-DE-BEAUVOISIN,38
38349001,45.33,4.769,RR,SABLONS,136,SABLONS,38
38504001,45.302,5.996,RR,THEYS,615,THEYS,38
38527001,45.149,6.047,RR,ALLEMOND,772,VAUJANY,38
39156001,46.582,5.765,RR,COGNA,577,COGNA,39
39159002,46.868,5.572,RR,COLONNE,244,COLONNE,39
39159002,46.868,5.572,TX,COLONNE,244,COLONNE,39
39177001,46.69,5.659,RR,HAUTEROCHE,509,CRANCOT,39
39198001,47.064,5.496,RR,DOLE,212,DOLE,39
39198001,47.064,5.496,TN,DOLE,212,DOLE,39
39235001,47.149,5.768,RR,FRAISANS,254,FRAISANS,39
39362001,46.693,5.518,RR,MONTMOROT,298,LONS LE SAUNIER,39
39485002,46.385,5.448,RR,VAL SURAN,361,ST JULIEN - SA,39
40031001,43.833,-0.836,RR,BEGAAR,19,BEGAAR,40
40033001,44.064,-0.454,RR,BELIS,85,BELIS,40
40088001,43.69,-1.07,RR,DAX,31,DAX,40
40088001,43.69,-1.07,TN,DAX,31,DAX,40
40088001,43.69,-1.07,TX,DAX,31,DAX,40
40134001,44.213,-0.915,RR,LABOUHEYRE,72,LABOUHE DFCI,40
40192001,43.91,-0.5,RR,MONT-DE-MARSAN,59,MONT-DE-MARSAN,40
40192001,43.91,-0.5,TN,MONT-DE-MARSAN,59,MONT-DE-MARSAN,40
40192001,43.91,-0.5,TX,MONT-DE-MARSAN,59,MONT-DE-MARSAN,40
40272002,43.571,-1.299,RR,SAINT-MARTIN-DE-HINX,37,ST M HINX STNA-INRA,40
40272002,43.571,-1.299,TN,SAINT-MARTIN-DE-HINX,37,ST M HINX STNA-INRA,40
40272002,43.571,-1.299,TX,SAINT-MARTIN-DE-HINX,37,ST M HINX STNA-INRA,40
40286001,43.641,-0.489,RR,SAMADET,134,SAMADET,40
40304001,43.67,-1.426,RR,SOORTS-HOSSEGOR,10,SOORTS-HOSSEGOR,40
40304001,43.67,-1.426,TN,SOORTS-HOSSEGOR,10,SOORTS-HOSSEGOR,40
40304001,43.67,-1.426,TX,SOORTS-HOSSEGOR,10,SOORTS-HOSSEGOR,40
41018001,47.572,1.338,RR,BLOIS,69,BLOIS - VILLE,41
41050002,47.505,1.436,RR,CHEVERNY,99,CHEVERNY,41
41075003,48.016,1.032,RR,DROUE,206,DROUE - MORACHE,41
41080001,47.332,1.166,RR,FAVEROLLES-SUR-CHER,77,FAVEROLLES,41
41106001,47.611,2.012,RR,LAMOTTE-BEUVRON,117,LAMOTTE-BEUVRON,41
41269001,47.827,1.054,RR,VENDOME,115,VENDOME,41
41285001,47.611,1.744,RR,VILLENY,127,VILLENY,41
42005001,45.546,4.294,RR,ANDREZIEUX-BOUTHEON,395,ST ETIENNE-BOUTHEON,42
42005001,45.546,4.294,TN,ANDREZIEUX-BOUTHEON,395,ST ETIENNE-BOUTHEON,42
42005001,45.546,4.294,TX,ANDREZIEUX-BOUTHEON,395,ST ETIENNE-BOUTHEON,42
42011001,45.82,4.192,RR,BALBIGNY,336,BALBIGNY,42
42059001,45.642,4.396,RR,CHAZELLES-SUR-LYON,632,CHAZELLES-LYON,42
42059001,45.642,4.396,TX,CHAZELLES-SUR-LYON,632,CHAZELLES-LYON,42
42094003,45.739,4.234,RR,FEURS,347,FEURS,42
42098001,45.941,4.269,RR,FOURNEAUX,510,FOURNEAUX,42
42098001,45.941,4.269,TN,FOURNEAUX,510,FOURNEAUX,42
42145003,46.016,4.222,RR,MONTAGNY,460,MONTAGNY,42
42152001,46.097,4.191,RR,NANDAX,374,NANDAX,42
42152001,46.097,4.191,TX,NANDAX,374,NANDAX,42
42159001,45.813,3.761,RR,NOIRETABLE,714,NOIRETABLE,42
42165003,45.804,4.334,RR,PANISSIERES,614,PANISSIERES,42
42227001,45.702,3.956,RR,SAINT-GEORGES-EN-COUZAN,496,ST GEORGES EN C,42
42239001,45.975,4.006,RR,SAINT-JEAN-SAINT-MAURICE-SUR-LOIRE,395,ST-MAURICE-SUR-LOIRE,42
42287001,45.269,4.504,RR,SAINT-SAUVEUR-EN-RUE,783,ST SAUVEUR EN R,42
42306001,45.369,4.499,RR,TARENTAISE,1090,TARENTAISE,42
43003001,45.203,3.718,RR,ALLEGRE,1035,ALLEGRE,43
43037001,44.885,3.791,RR,LE BOUCHET-SAINT-NICOLAS,1218,LE BOUCHET-ST-NICOLAS,43
43046001,45.055,3.895,RR,CHADRAC,714,LE PUY-CHADRAC,43
43046001,45.055,3.895,TN,CHADRAC,714,LE PUY-CHADRAC,43
43046001,45.055,3.895,TX,CHADRAC,714,LE PUY-CHADRAC,43
43071001,45.258,3.827,RR,CHOMELIX,886,CHOMELIX,43
43118001,45.156,3.41,RR,LAVOUTE-CHILHAC,491,LAVOUTE-CHILHAC,43
43162001,45.204,4.03,RR,RETOURNAC,535,RETOURNAC,43
43244003,45.117,4.277,RR,TENCE,848,TENCE,43
43246001,45.268,3.999,RR,TIRANGES,603,TIRANGES,43
44015001,47.473,-1.772,RR,BLAIN,13,BLAIN,44
44067001,47.625,-1.89,RR,GUEMENE-PENFAO,33,GUEMENE-PENFAO,44
44103001,47.314,-2.155,RR,MONTOIR-DE-BRETAGNE,3,ST NAZAIRE-MONTOIR,44
44103001,47.314,-2.155,TX,MONTOIR-DE-BRETAGNE,3,ST NAZAIRE-MONTOIR,44
44109012,47.228,-1.514,RR,NANTES,17,NANTES-VILLE,44
44110002,47.425,-1.514,RR,NORT-SUR-ERDRE,13,NORT-SUR-ERDRE,44
44110002,47.425,-1.514,TN,NORT-SUR-ERDRE,13,NORT-SUR-ERDRE,44
44110002,47.425,-1.514,TX,NORT-SUR-ERDRE,13,NORT-SUR-ERDRE,44
44113001,47.573,-1.612,RR,NOZAY,44,NOZAY,44
44117002,47.142,-1.337,RR,LE PALLET,35,LE PALLET_SAPC,44
44120002,47.21,-1.829,RR,LE PELLERIN,4,PELLERIN(LE),44
44129001,47.44,-2.105,RR,PONTCHATEAU,34,PONTCHATEAU,44
44131002,47.122,-2.093,RR,PORNIC,25,PORNIC,44
44180005,47.526,-1.185,RR,VALLONS-DE-L'ERDRE,32,ST-MARS-LA-JAIL,44
44181001,47.006,-1.783,RR,MACHECOUL-SAINT-MEME,4,ST-MEME-LE-TENU,44
44188001,47.029,-1.653,RR,SAINT-PHILBERT-DE-GRAND-LIEU,18,ST-PHILBERT,44
45069001,48.025,2.26,RR,CHAMBON-LA-FORET,143,CHAMBON-LA-F.,45
45069001,48.025,2.26,TX,CHAMBON-LA-FORET,143,CHAMBON-LA-F.,45
45145001,48.113,2.858,RR,GRISELLES,107,FERRIERES,45
45187001,47.881,2.505,RR,LORRIS,125,LORRIS,45
45193001,47.769,2.022,RR,MARCILLY-EN-VILLETTE,127,MARCILLY-EN-V.,45
45245001,47.672,2.81,RR,OUZOUER-SUR-TREZEE,150,OUZOUER_SUR_TREZEE,45
45253001,48.166,2.228,RR,PITHIVIERS-LE-VIEIL,120,PITHIVIERS-LE-V,45
45270002,47.808,2.306,RR,SAINT-BENOIT-SUR-LOIRE,112,ST-BENOIT/LOIRE,45
45270002,47.808,2.306,TN,SAINT-BENOIT-SUR-LOIRE,112,ST-BENOIT/LOIRE,45
45270002,47.808,2.306,TX,SAINT-BENOIT-SUR-LOIRE,112,ST-BENOIT/LOIRE,45
45340002,47.694,2.366,RR,VILLEMURLIN,144,VILLEMURLIN,45
45340002,47.694,2.366,TX,VILLEMURLIN,144,VILLEMURLIN,45
46005001,44.493,1.208,RR,ANGLARS-JUILLAC,104,ANGLARS,46
46038002,44.913,1.838,RR,BRETENOUX,136,BRETENOUX,46
46127001,44.745,1.397,RR,GOURDON,260,GOURDON,46
46127001,44.745,1.397,TN,GOURDON,260,GOURDON,46
46127001,44.745,1.397,TX,GOURDON,260,GOURDON,46
46128002,44.76,1.726,RR,GRAMAT,312,GRAMAT - PARC,46
46143001,44.731,1.925,RR,LACAPELLE-MARIVAL,396,LACAPELLE,46
46160001,44.8,2.068,RR,LATRONQUIERE,658,LATRONQUIERE,46
46173006,44.398,1.775,RR,LIMOGNE-EN-QUERCY,303,LIMOGNE,46
46176001,44.649,1.847,RR,LIVERNON,308,LIVERNON,46
46201001,44.313,1.214,RR,MONTCUQ-EN-QUERCY-BLANC,193,MONTCUQ - ROUIL,46
46287001,44.294,1.455,RR,SAINT-PAUL-FLAUGNAC,266,SAINT-PAUL-FLAUGNAC,46
46330002,44.97,1.701,RR,VAYRAC,152,VAYRAC - BROUSS,46
46332001,44.663,2.074,RR,VIAZAC,394,VIAZAC - LABOUD,46
47086001,44.686,0.207,RR,DURAS,112,DURAS,47
47091001,44.172,0.595,RR,ESTILLAC,58,AGEN-LA GARENNE,47
47091001,44.172,0.595,TN,ESTILLAC,58,AGEN-LA GARENNE,47
47091001,44.172,0.595,TX,ESTILLAC,58,AGEN-LA GARENNE,47
47138001,44.266,0.775,RR,LAROQUE-TIMBAUT,186,LAROQUE-TIMBAUT,47
47213001,44.311,0.571,RR,PRAYSSAS,196,PRAYSSAS,47
47221001,44.092,0.193,RR,REAUP-LISSE,158,REAUP,47
47327001,44.205,0.261,RR,XAINTRAILLES,190,XAINTRAILLES,47
48009001,44.727,3.28,RR,PEYRE EN AUBRAC,1018,AUMONT AUBRAC,48
48027002,44.505,3.738,RR,MONT LOZERE ET GOULET,1199,LE BLEYMARD BOURG,48
48043001,44.638,3.68,RR,CHATEAUNEUF-DE-RANDON,1247,CHATEAUNEUF-DE-RANDON,48
48051002,44.256,3.926,RR,LE COLLET-DE-DEZE,485,LE COLLET-SAUVEPLANE,48
48061002,44.309,3.596,RR,FLORAC TROIS RIVIERES,618,FLORAC,48
48070004,44.781,3.634,RR,GRANDRIEU,1163,GRANDRIEU,48
48095004,44.517,3.49,RR,MENDE,710,MENDE-VILLE,48
48103001,44.541,3.308,RR,MONTRODAT,746,MONTRODAT,48
48116001,44.366,3.738,RR,PONT DE MONTVERT - SUD MONT LOZERE,875,LE PONT-DE-MONTVERT,48
48146001,44.409,3.438,RR,GORGES DU TARN CAUSSES,1018,STE ENIMIE-SAUVETERRE,48
48156002,44.478,3.161,RR,SAINT-GERMAIN-DU-TEIL,775,ST GERMAIN DU TEIL,48
48187003,44.533,3.155,RR,LES SALCES,1075,LES SALCES-FROMENTAL,48
48198001,44.442,3.928,RR,VILLEFORT,620,VILLEFORT,48
49008001,47.562,-0.97,RR,ANGRIE,65,ANGRIE,49
49020001,47.479,-0.614,RR,BEAUCOUZE,50,BEAUCOUZE,49
49020001,47.479,-0.614,TN,BEAUCOUZE,50,BEAUCOUZE,49
49020001,47.479,-0.614,TX,BEAUCOUZE,50,BEAUCOUZE,49
49022001,47.308,-0.598,RR,BEAULIEU-SUR-LAYON,78,BEAULIEU-S-LAY,49
49027001,47.152,-0.938,RR,BEGROLLES-EN-MAUGES,100,BEGROLLES,49
49027001,47.152,-0.938,TN,BEGROLLES-EN-MAUGES,100,BEGROLLES,49
49027001,47.152,-0.938,TX,BEGROLLES-EN-MAUGES,100,BEGROLLES,49
49099003,47.08,-0.881,RR,CHOLET,134,CHOLET,49
49188001,47.562,-0.317,RR,MARCE,53,MARCE,49
49215002,47.13,-0.142,RR,MONTREUIL-BELLAY,58,MONT-BELLAY-INRA,49
49248003,47.74,-1.188,RR,OMBREE D'ANJOU,96,POUANCE_SAPC,49
49276001,47.355,-1.012,RR,MAUGES-SUR-LOIRE,21,ST FLORENT VIEI,49
49281001,47.151,-0.74,RR,CHEMILLE-EN-ANJOU,203,ST GEORGES GARD,49
49281001,47.151,-0.74,TN,CHEMILLE-EN-ANJOU,203,ST GEORGES GARD,49
49281001,47.151,-0.74,TX,CHEMILLE-EN-ANJOU,203,ST GEORGES GARD,49
49307001,47.426,-0.319,RR,LOIRE-AUTHION,20,ST MATHURIN S L,49
49328001,47.252,-0.074,RR,SAUMUR,69,SAUMUR,49
49328001,47.252,-0.074,TN,SAUMUR,69,SAUMUR,49
49328001,47.252,-0.074,TX,SAUMUR,69,SAUMUR,49
49373001,47.148,-0.517,RR,LYS-HAUT-LAYON,124,VIHIERS,49
50020001,49.725,-1.94,RR,LA HAGUE,6,PTE DE LA HAGUE,50
50020001,49.725,-1.94,TN,LA HAGUE,6,PTE DE LA HAGUE,50
50020001,49.725,-1.94,TX,LA HAGUE,6,PTE DE LA HAGUE,50
50082001,49.462,-1.65,RR,BRICQUEBEC-EN-COTENTIN,38,BRICQUEBEC,50
50144001,48.785,-1.104,RR,COULOUVRAY-BOISBENATRE,268,COULOUVRAY-BOISBENATRE,50
50209001,49.653,-1.464,RR,CARNEVILLE,134,GONNEVILLE,50
50298001,49.26,-1.299,RR,MEAUTIS,15,MEAUTIS,50
50456001,48.673,-0.887,RR,SAINT-CLEMENT-RANCOUDRAY,269,ST-CLEMENT,50
50484002,48.564,-1.097,RR,LES LOGES-MARCHIS,95,ST-HILAIRE-DU-H,50
51015001,49.064,4.85,RR,ARGERS,152,ARGERS,51
51210001,49.069,3.966,RR,DIZY,92,DIZY,51
51242001,48.94,4.309,RR,FAGNIERES,105,FAGNIERES-INRA,51
51262001,48.701,4.618,RR,FRIGNICOURT,113,FRIGNICOURT,51
51262001,48.701,4.618,TN,FRIGNICOURT,113,FRIGNICOURT,51
51388003,49.108,4.359,RR,LIVRY-LOUVERCY,115,MOURMELON-GRAND,51
51545001,48.734,4.208,RR,SOMMESOUS,167,SOMMESOUS,51
51545001,48.734,4.208,TX,SOMMESOUS,167,SOMMESOUS,51
51588001,49.085,4.776,RR,VALMY,161,VALMY,51
51590002,48.85,4.772,RR,VANAULT-LES-DAMES,140,VANAULT,51
52061002,48.162,5.35,RR,BOURDONS-SUR-ROGNON,304,BOURDONS_SAPC,52
52114001,48.047,4.908,RR,CHATEAUVILLAIN,227,CHATEAUVILLAIN,52
52123003,48.523,5.114,RR,CHEVILLON,170,CHEVILLON_SAPC,52
52123003,48.523,5.114,TN,CHEVILLON,170,CHEVILLON_SAPC,52
52145001,47.692,5.46,RR,COUBLANC,258,COUBLANC,52
52145001,47.692,5.46,TN,COUBLANC,258,COUBLANC,52
52145001,47.692,5.46,TX,COUBLANC,258,COUBLANC,52
52197003,47.784,5.615,RR,FAYL-BILLOT,347,FAYL-BILLOT_SAPC,52
52197003,47.784,5.615,TN,FAYL-BILLOT,347,FAYL-BILLOT_SAPC,52
52197003,47.784,5.615,TX,FAYL-BILLOT,347,FAYL-BILLOT_SAPC,52
52269001,47.844,5.338,RR,SAINTS-GEOSMES,466,LANGRES,52
52269001,47.844,5.338,TN,SAINTS-GEOSMES,466,LANGRES,52
52269001,47.844,5.338,TX,SAINTS-GEOSMES,466,LANGRES,52
52294001,48.56,4.91,RR,LOUVEMONT,146,LOUVEMONT - MAN,52
52443001,48.434,5.273,RR,SAILLY,270,SAILLY,52
52447001,47.882,5.262,RR,SAINT-CIERGUES,359,ST-CIERGUES,52
52448001,48.631,4.904,RR,SAINT-DIZIER,139,ST-DIZIER,52
52448001,48.631,4.904,TN,SAINT-DIZIER,139,ST-DIZIER,52
52448001,48.631,4.904,TX,SAINT-DIZIER,139,ST-DIZIER,52
52469001,48.092,5.046,RR,SEMOUTIERS-MONTSAON,294,CHAUMONT-SEMOUTIERS,52
52469001,48.092,5.046,TN,SEMOUTIERS-MONTSAON,294,CHAUMONT-SEMOUTIERS,52
52469001,48.092,5.046,TX,SEMOUTIERS-MONTSAON,294,CHAUMONT-SEMOUTIERS,52
52529001,47.739,5.314,RR,VILLEGUSIEN-LE-LAC,296,VILLEGUSIEN,52
53078001,47.788,-0.645,RR,COUDRAY,55,COUDRAY,53
53096004,48.296,-0.963,RR,ERNEE,168,ERNEE,53
53097001,48.168,-0.388,RR,EVRON,107,EVRON,53
53097001,48.168,-0.388,TN,EVRON,107,EVRON,53
53097001,48.168,-0.388,TX,EVRON,107,EVRON,53
53130008,48.031,-0.747,RR,LAVAL,100,LAVAL-ETRONNIER,53
53147001,48.311,-0.64,RR,MAYENNE,138,MAYENNE,53
53147001,48.311,-0.64,TN,MAYENNE,138,MAYENNE,53
53147001,48.311,-0.64,TX,MAYENNE,138,MAYENNE,53
53185001,48.452,-0.183,RR,PRE-EN-PAIL-SAINT-SAMSON,277,PRE-EN-PAIL_SAPC,53
53185001,48.452,-0.183,TN,PRE-EN-PAIL-SAINT-SAMSON,277,PRE-EN-PAIL_SAPC,53
53185001,48.452,-0.183,TX,PRE-EN-PAIL-SAINT-SAMSON,277,PRE-EN-PAIL_SAPC,53
54040001,48.498,6.896,RR,BADONVILLER,336,BADONVILLER,54
54040001,48.498,6.896,TN,BADONVILLER,336,BADONVILLER,54
54040001,48.498,6.896,TX,BADONVILLER,336,BADONVILLER,54
54182001,48.919,5.809,RR,ESSEY-ET-MAIZERAIS,218,ESSEY-ET-MAIZE.,54
54322001,49.432,5.613,RR,LONGUYON,257,LONGUYON,54
54405001,48.581,5.96,RR,THUILLEY-AUX-GROSEILLES,336,NANCY-OCHEY,54
54405001,48.581,5.96,TN,THUILLEY-AUX-GROSEILLES,336,NANCY-OCHEY,54
54405001,48.581,5.96,TX,THUILLEY-AUX-GROSEILLES,336,NANCY-OCHEY,54
54407001,48.475,6.068,RR,OGNEVILLE,300,OGNEVILLE,54
54415001,48.984,6.031,RR,PAGNY-SUR-MOSELLE,179,PAGNY-SUR-MOSELLE,54
55014001,49.134,5.094,RR,AUBREVILLE,202,AUBREVILLE_SAPC,55
55067001,48.649,5.415,RR,BOVIOLLES,272,BOVIOLLES,55
55073001,49.208,5.379,RR,BRAS-SUR-MEUSE,194,BRAS-SUR-MEUSE,55
55179001,48.75,5.404,RR,ERNEVILLE-AUX-BOIS,313,ERNEVILLE AUX BOIS_SAPC,55
55179001,48.75,5.404,TX,ERNEVILLE-AUX-BOIS,313,ERNEVILLE AUX BOIS_SAPC,55
55248001,48.563,5.506,RR,HOUDELAINCOURT,390,HOUDELAINCOURT,55
55328001,48.538,5.669,RR,MAXEY-SUR-VAISE,260,MAXEY-SUR-VAISE,55
55443001,49.225,5.688,RR,ROUVRES-EN-WOEVRE,226,ROUVRES-EN-WOEVRE,55
55531001,48.809,5.033,RR,VASSINCOURT,187,VASSINCOURT,55
56009001,47.294,-3.218,RR,BANGOR,34,BELLE ILE-LE TALUT,56
56009001,47.294,-3.218,TN,BANGOR,34,BELLE ILE-LE TALUT,56
56009001,47.294,-3.218,TX,BANGOR,34,BELLE ILE-LE TALUT,56
56069001,47.652,-3.502,RR,GROIX,41,ILE DE GROIX,56
56069001,47.652,-3.502,TN,GROIX,41,ILE DE GROIX,56
56069001,47.652,-3.502,TX,GROIX,41,ILE DE GROIX,56
56185001,47.763,-3.436,RR,QUEVEN,45,LORIENT-LANN BIHOUE,56
56185001,47.763,-3.436,TN,QUEVEN,45,LORIENT-LANN BIHOUE,56
56185001,47.763,-3.436,TX,QUEVEN,45,LORIENT-LANN BIHOUE,56
56243001,47.605,-2.714,RR,SENE,3,VANNES-SENE,56
57019001,49.219,6.057,RR,AMNEVILLE,346,MALANCOURT,57
57039001,49.07,6.125,RR,AUGNY,192,METZ-FRESCATY,57
57039001,49.07,6.125,TN,AUGNY,192,METZ-FRESCATY,57
57039001,49.07,6.125,TX,AUGNY,192,METZ-FRESCATY,57
57168001,48.767,7.306,RR,DANNE-ET-QUATRE-VENTS,377,PHALSBOURG_SAPC,57
57168001,48.767,7.306,TN,DANNE-ET-QUATRE-VENTS,377,PHALSBOURG_SAPC,57
57168001,48.767,7.306,TX,DANNE-ET-QUATRE-VENTS,377,PHALSBOURG_SAPC,57
57465001,49.306,6.283,RR,METZERVISSE,226,METZERVISSE,57
57469002,48.859,6.935,RR,MITTERSHEIM,233,MITTERSHEIM,57
57550001,49.16,6.646,RR,PORCELETTE,250,PORCELETTE,57
57557001,49.482,6.259,RR,PUTTELANGE-LES-THIONVILLE,190,PUTTELANGE-LES-THIONVILLE,57
57730001,49.166,6.443,RR,VOLMERANGE-LES-BOULAY,214,BOULAY,57
57732001,49.124,7.382,RR,VOLMUNSTER,358,VOLMUNSTER,57
57740001,49.417,6.506,RR,WALDWISSE,291,WALDWISSE,57
58062001,47.07,3.934,RR,CHATEAU-CHINON (VILLE),598,CHATEAU CHINON,58
58062001,47.07,3.934,TX,CHATEAU-CHINON (VILLE),598,CHATEAU CHINON,58
58104001,46.72,3.356,RR,DORNES,220,DORNES,58
58148001,46.847,3.289,RR,LUTHENAY-UXELOUP,230,LUTHENAY UXELOU,58
58149001,46.807,3.963,RR,LUZY,300,LUZY,58
58160001,46.998,3.113,RR,VARENNES-VAUZELLES,175,NEVERS-MARZY,58
58160001,46.998,3.113,TN,VARENNES-VAUZELLES,175,NEVERS-MARZY,58
58160001,46.998,3.113,TX,VARENNES-VAUZELLES,175,NEVERS-MARZY,58
58199001,46.981,3.911,RR,ONLAY,375,ONLAY,58
58264001,46.799,3.114,RR,SAINT-PIERRE-LE-MOUTIER,218,ST PIERRE LE MOUTIER,58
59178001,50.39,3.067,RR,DOUAI,26,DOUAI,59
59183001,51.056,2.34,RR,DUNKERQUE,11,DUNKERQUE,59
59183001,51.056,2.34,TN,DUNKERQUE,11,DUNKERQUE,59
59183001,51.056,2.34,TX,DUNKERQUE,11,DUNKERQUE,59
59343001,50.57,3.098,RR,FRETIN,47,LILLE-LESQUIN,59
59343001,50.57,3.098,TN,FRETIN,47,LILLE-LESQUIN,59
59343001,50.57,3.098,TX,FRETIN,47,LILLE-LESQUIN,59
59604001,50.098,3.464,RR,TROISVILLES,125,TROISVILLES,59
59647001,50.834,2.213,RR,WATTEN,7,WATTEN,59
60107001,49.361,2.439,RR,BREUIL-LE-VERT,57,BREUIL-LE-VERT,60
60107001,49.361,2.439,TN,BREUIL-LE-VERT,57,BREUIL-LE-VERT,60
60107001,49.361,2.439,TX,BREUIL-LE-VERT,57,BREUIL-LE-VERT,60
60260001,49.285,2.918,RR,FRESNOY-LA-RIVIERE,61,FRESNOY-LA-RIVIERE,60
60276001,49.586,2.554,RR,GODENVILLERS,92,GODENVILLERS,60
60363001,49.193,1.895,RR,LIERVILLE,105,LIERVILLE,60
60518001,49.582,2.191,RR,PUITS-LA-VALLEE,168,PUITS-LA-VALLEE,60
60623001,49.545,1.852,RR,SONGEONS,113,SONGEONS,60
60652001,49.303,2.048,RR,VALDAMPIERRE,171,VALDAMPIERRE,60
61001001,48.446,0.11,RR,CERISE,143,ALENCON,61
61001001,48.446,0.11,TN,CERISE,143,ALENCON,61
61001001,48.446,0.11,TX,CERISE,143,ALENCON,61
61328001,48.725,0.181,RR,GOUFFERN EN AUGE,202,PIN AU HARAS-INRA,61
61345003,48.434,0.778,RR,REMALARD EN PERCHE,158,REMALARD,61
61369001,48.645,-0.624,RR,SAINT-BOMER-LES-FORGES,226,ST BOMER-LES-FORGES,61
61377001,48.724,-0.73,RR,TINCHEBRAY-BOCAGE,306,ST CORNIER-DES-LANDES,61
61426001,48.374,0.55,RR,SAINT-MARTIN-DU-VIEUX-BELLEME,168,BELLEME_SAPC,61
61464001,48.592,0.173,RR,SEES,195,SEES,61
61479001,48.675,-0.08,RR,TANQUES,171,TANQUES,61
61483002,48.541,-0.415,RR,BAGNOLES DE L'ORNE NORMANDIE,151,BAGNOLES-DE-L_ORNE,61
62044001,50.485,1.766,RR,ATTIN,21,ATTIN,62
62160001,50.733,1.6,RR,BOULOGNE-SUR-MER,73,BOULOGNE-SEM,62
62160001,50.733,1.6,TN,BOULOGNE-SUR-MER,73,BOULOGNE-SEM,62
62160001,50.733,1.6,TX,BOULOGNE-SUR-MER,73,BOULOGNE-SEM,62
62333001,50.505,2.326,RR,FIEFS,186,FIEFS,62
62516002,50.58,2.497,RR,LILLERS,19,LILLERS,62
62685001,50.549,2.114,RR,RADINGHEM,115,RADINGHEM,62
62826001,50.515,1.623,RR,LE TOUQUET-PARIS-PLAGE,5,LE-TOUQUET,62
62826001,50.515,1.623,TN,LE TOUQUET-PARIS-PLAGE,5,LE-TOUQUET,62
62826001,50.515,1.623,TX,LE TOUQUET-PARIS-PLAGE,5,LE-TOUQUET,62
63089001,45.858,3.209,RR,CHAPPES,315,CHAPPES,63
63129001,45.472,2.595,RR,CROS,790,CROS,63
63132002,45.635,3.558,RR,CUNLHAT,700,CUNLHAT,63
63163001,45.753,2.81,RR,GELLES,784,GELLES,63
63222001,45.544,3.164,RR,MEILHAUD,448,MEILHAUD,63
63223001,46.105,2.91,RR,MENAT,410,MENAT,63
63223001,46.105,2.91,TX,MENAT,410,MENAT,63
63281001,46.105,2.688,RR,PIONSAT,524,PIONSAT,63
63295001,46.012,3.354,RR,RANDAN,394,RANDAN,63
63382001,46.041,3.009,RR,SAINT-PARDOUX,602,ST-PARDOUX,63
63426001,45.545,2.598,RR,TAUVES,851,TAUVES,63
63426001,45.545,2.598,TN,TAUVES,851,TAUVES,63
63426001,45.545,2.598,TX,TAUVES,851,TAUVES,63
64006001,42.945,-0.611,RR,LESCUN,495,ACCOUS,64
64024001,43.469,-1.534,RR,ANGLET,71,BIARRITZ-PAYS-BASQUE,64
64024001,43.469,-1.534,TN,ANGLET,71,BIARRITZ-PAYS-BASQUE,64
64024001,43.469,-1.534,TX,ANGLET,71,BIARRITZ-PAYS-BASQUE,64
64092002,43.129,-1.373,RR,BANCA,252,BANCA,64
64109001,43.193,-0.22,RR,BENEJACQ,255,BENEJACQ,64
64123001,43.481,-1.142,RR,BIDACHE,45,BIDACHE,64
64189001,43.395,-1.687,RR,CIBOURE,21,SOCOA,64
64189001,43.395,-1.687,TN,CIBOURE,21,SOCOA,64
64189001,43.395,-1.687,TX,CIBOURE,21,SOCOA,64
64301002,43.391,-0.643,RR,LAGOR,125,LAGOR,64
64316001,43.02,-0.96,RR,LARRAU,616,LARRAU,64
64320003,42.984,-0.429,RR,LARUNS,522,LARUNS-HOURAT,64
64320003,42.984,-0.429,TX,LARUNS,522,LARUNS-HOURAT,64
64331002,43.452,-0.109,RR,LEMBEYE,310,LEMBEYE,64
64342001,43.048,-0.886,RR,LICQ-ATHEREY,288,LICQ-ATHEREY,64
64416001,43.324,-0.754,RR,NAVARRENX,135,NAVARRENX,64
64450001,43.491,-0.544,RR,POMPS,130,POMPS,64
64480001,43.38,-0.934,RR,SAINT-GLADIE-ARRIVE-MUNEIN,73,ST-GLADIE,64
64537001,43.134,-0.876,RR,TROIS-VILLES,216,TROIS-VILLES,64
65055001,42.998,-0.069,RR,AYROS-ARBOUIX,478,AYROS ARBOUIX,65
65129003,43.278,0.518,RR,CASTELNAU-MAGNOAC,298,CASTELNAU MAGNOAC,65
65258001,43.114,0.413,RR,LANNEMEZAN,638,LANNEMEZAN,65
65258001,43.114,0.413,TN,LANNEMEZAN,638,LANNEMEZAN,65
65295003,42.858,-0.002,RR,LUZ-SAINT-SAUVEUR,910,LUZ SAINT SAUVEUR,65
65304001,43.471,0.043,RR,MAUBOURGUET,176,MAUBOURGUET,65
65304001,43.471,0.043,TN,MAUBOURGUET,176,MAUBOURGUET,65
65344001,43.188,0.0,RR,LOUEY,360,TARBES-LOURDES-PYRENEES,65
65344001,43.188,0.0,TN,LOUEY,360,TARBES-LOURDES-PYRENEES,65
65344001,43.188,0.0,TX,LOUEY,360,TARBES-LOURDES-PYRENEES,65
65388001,42.814,0.318,RR,SAINT-LARY-SOULAN,826,ST LARY SOUL,65
66037001,42.687,2.984,RR,CANET-EN-ROUSSILLON,16,CANET-EN-ROUSSILLON,66
66049001,42.496,2.748,RR,CERET,146,CERET,66
66137003,42.473,2.86,RR,LE PERTHUS,295,LE PERTHUS,66
66148001,42.517,3.135,RR,PORT-VENDRES,82,CAP BEAR,66
66148001,42.517,3.135,TN,PORT-VENDRES,82,CAP BEAR,66
66148001,42.517,3.135,TX,PORT-VENDRES,82,CAP BEAR,66
66183001,42.539,2.622,RR,SAINT-MARSAL,690,ST MARSAL,66
66230001,42.656,2.548,RR,RODES,251,VINCA,66
67067001,48.725,7.71,RR,BRUMATH,139,BRUMATH,67
67115001,48.309,7.495,RR,EBERSHEIM,164,EBERSHEIM,67
67180001,48.836,7.801,RR,HAGUENAU,153,HAGUENAU,67
67482001,48.582,7.769,RR,STRASBOURG,139,STRASBOURG - BOTANIQUE,67
67482001,48.582,7.769,TN,STRASBOURG,139,STRASBOURG - BOTANIQUE,67
67482001,48.582,7.769,TX,STRASBOURG,139,STRASBOURG - BOTANIQUE,67
67507003,48.343,7.306,RR,VILLE,264,VILLE,67
68062001,47.632,7.213,RR,CARSPACH,332,CARSPACH,68
68066001,48.063,7.33,RR,COLMAR,202,COLMAR-INRA,68
68066001,48.063,7.33,TX,COLMAR,202,COLMAR-INRA,68
68112005,47.904,7.226,RR,GUEBWILLER,273,GUEBWILLER,68
68165001,47.438,7.356,RR,KIFFIS,576,KIFFIS,68
68171002,47.944,6.955,RR,KRUTH,512,KRUTH_SAPC,68
68205001,47.929,7.408,RR,OBERENTZEN,207,COLMAR-MEYENHEIM,68
68205001,47.929,7.408,TN,OBERENTZEN,207,COLMAR-MEYENHEIM,68
68205001,47.929,7.408,TX,OBERENTZEN,207,COLMAR-MEYENHEIM,68
68224006,47.75,7.289,RR,MULHOUSE,245,MULHOUSE,68
68224006,47.75,7.289,TN,MULHOUSE,245,MULHOUSE,68
68224006,47.75,7.289,TX,MULHOUSE,245,MULHOUSE,68
68231001,48.026,7.575,RR,BIESHEIM,195,NEUF-BRISACH,68
68247001,47.91,6.97,RR,ODEREN,457,ODEREN - VALLEE,68
68287001,47.954,7.292,RR,ROUFFACH,208,ROUFFACH - CHS,68
68297001,47.614,7.51,RR,BLOTZHEIM,263,BALE-MULHOUSE,68
68297001,47.614,7.51,TN,BLOTZHEIM,263,BALE-MULHOUSE,68
68297001,47.614,7.51,TX,BLOTZHEIM,263,BALE-MULHOUSE,68
68307001,47.816,6.874,RR,SEWEN,620,SEWEN - LAC ALFELD_SAPC,68
69135001,46.219,4.523,RR,DEUX-GROSNES,525,MONSOLS,69
69196001,46.164,4.566,RR,SAINT-DIDIER-SUR-BEAUJEU,345,ST-DIDIER-BEAUJ,69
69196001,46.164,4.566,TN,SAINT-DIDIER-SUR-BEAUJEU,345,ST-DIDIER-BEAUJ,69
69196001,46.164,4.566,TX,SAINT-DIDIER-SUR-BEAUJEU,345,ST-DIDIER-BEAUJ,69
69203001,45.7,4.485,RR,SAINT-GENIS-L'ARGENTIERE,512,ST-GENIS-L'ARGENTIERE,69
69204002,45.695,4.782,RR,SAINT-GENIS-LAVAL,290,ST-GENIS-LAVAL,69
69204002,45.695,4.782,TN,SAINT-GENIS-LAVAL,290,ST-GENIS-LAVAL,69
69204002,45.695,4.782,TX,SAINT-GENIS-LAVAL,290,ST-GENIS-LAVAL,69
69238001,45.639,4.471,RR,POMEYS,610,ST-SYMPHORIEN-C,69
69239002,45.916,4.521,RR,SAINT-VERAND,390,SAINT-VERAND,69
69264001,45.987,4.738,RR,VILLEFRANCHE-SUR-SAONE,174,VILLEFRANCHE,69
69264001,45.987,4.738,TX,VILLEFRANCHE-SUR-SAONE,174,VILLEFRANCHE,69
70006001,47.915,6.338,RR,CORBENAY,275,AILLEVILLERS,70
70006001,47.915,6.338,TN,CORBENAY,275,AILLEVILLERS,70
70006001,47.915,6.338,TX,CORBENAY,275,AILLEVILLERS,70
70104001,47.423,5.843,RR,BUCEY-LES-GY,215,BUCEY-LES-GY,70
70104001,47.423,5.843,TX,BUCEY-LES-GY,215,BUCEY-LES-GY,70
70165001,47.709,5.892,RR,COMBEAUFONTAINE,252,COMBEAUFONTAINE,70
70165001,47.709,5.892,TX,COMBEAUFONTAINE,252,COMBEAUFONTAINE,70
70168001,47.817,6.209,RR,CONFLANS-SUR-LANTERNE,230,CONFLANS-SUR-LA,70
70414001,47.773,6.746,RR,PLANCHER-LES-MINES,529,PLANCHER-LES-MI,70
70447002,47.438,6.062,RR,RIOZ,275,RIOZ,70
70473001,47.787,6.364,RR,BAUDONCOURT,271,LUXEUIL,70
70473001,47.787,6.364,TN,BAUDONCOURT,271,LUXEUIL,70
70473001,47.787,6.364,TX,BAUDONCOURT,271,LUXEUIL,70
70550001,47.649,6.164,RR,VESOUL,242,VESOUL VILLE,70
71105001,46.295,4.794,RR,CHARNAY-LES-MACON,219,MACON,71
71105001,46.295,4.794,TN,CHARNAY-LES-MACON,219,MACON,71
71105001,46.295,4.794,TX,CHARNAY-LES-MACON,219,MACON,71
71106001,46.44,4.281,RR,CHAROLLES,282,CHAROLLES,71
71190001,46.998,4.496,RR,EPINAC,325,EPINAC,71
71230002,46.598,4.021,RR,GUEUGNON,305,GUEUGNON,71
71267001,46.477,4.823,RR,LUGNY,247,LUGNY,71
71340002,46.555,4.228,RR,PALINGES,281,PALINGES,71
71482001,46.852,4.336,RR,SAINT-SYMPHORIEN-DE-MARMAGNE,349,ST-SYMPHORIEN DE MARMAGNE,71
71482001,46.852,4.336,TN,SAINT-SYMPHORIEN-DE-MARMAGNE,349,ST-SYMPHORIEN DE MARMAGNE,71
71523001,46.714,5.181,RR,SIMARD,211,SIMARD,71
71589001,46.692,3.722,RR,VITRY-SUR-LOIRE,258,VITRY/LOIRE,71
72042001,47.984,0.492,RR,LE BREIL-SUR-MERIZE,134,BOULOIRE,72
72093001,48.18,0.71,RR,CORMES,122,CORMES,72
72093001,48.18,0.71,TN,CORMES,122,CORMES,72
72093001,48.18,0.71,TX,CORMES,122,CORMES,72
72137006,48.433,0.212,RR,VILLENEUVE-EN-PERSEIGNE,146,LA FRESNAYE,72
72181001,47.946,0.194,RR,LE MANS,51,LE MANS,72
72181001,47.946,0.194,TN,LE MANS,51,LE MANS,72
72181001,47.946,0.194,TX,LE MANS,51,LE MANS,72
72189001,48.243,0.341,RR,MAROLLES-LES-BRAULTS,65,MAROLLES LES BR,72
72237001,47.907,-0.103,RR,PIRMIL,66,PIRMIL,72
72255001,48.139,-0.226,RR,ROUESSE-VASSE,206,ROUESSE-VASSE,72
72264001,47.84,-0.303,RR,SABLE-SUR-SARTHE,41,SABLE SUR SARTH,72
72339001,47.965,0.017,RR,SOULIGNE-FLACE,64,SOULIGNE FLACE,72
72351002,48.104,-0.05,RR,TENNIE,103,TENNIE,72
72357001,47.659,0.023,RR,THOREE-LES-PINS,78,THOREE LES PINS,72
72357001,47.659,0.023,TN,THOREE-LES-PINS,78,THOREE LES PINS,72
72357001,47.659,0.023,TX,THOREE-LES-PINS,78,THOREE LES PINS,72
72361001,47.885,0.56,RR,TRESSON,154,TRESSON_SAPC,72
72377002,47.746,-0.109,RR,VILLAINES-SOUS-MALICORNE,87,VILLAINES-SOUS-MALICORNE,72
73034002,45.691,6.569,RR,BEAUFORT,1036,BEAUFORT-SUR-DORON,73
73034002,45.691,6.569,TN,BEAUFORT,1036,BEAUFORT-SUR-DORON,73
73034002,45.691,6.569,TX,BEAUFORT,1036,BEAUFORT-SUR-DORON,73
73054001,45.613,6.763,RR,BOURG-SAINT-MAURICE,865,BOURG ST MAURICE,73
73054001,45.613,6.763,TN,BOURG-SAINT-MAURICE,865,BOURG ST MAURICE,73
73054001,45.613,6.763,TX,BOURG-SAINT-MAURICE,865,BOURG ST MAURICE,73
73055001,45.44,6.65,RR,BOZEL,865,BOZEL,73
73064001,45.565,5.97,RR,LA RAVOIRE,298,CHALLES LES EAUX,73
73064001,45.565,5.97,TN,LA RAVOIRE,298,CHALLES LES EAUX,73
73064001,45.565,5.97,TX,LA RAVOIRE,298,CHALLES LES EAUX,73
73132001,45.772,6.639,RR,HAUTELUCE,1215,HAUTELUCE,73
73146001,45.715,6.108,RR,LESCHERAINES,591,LESCHERAINES,73
73146001,45.715,6.108,TX,LESCHERAINES,591,LESCHERAINES,73
73167001,45.393,6.321,RR,SAINT FRANCOIS LONGCHAMP,1057,MONTGELLAFREY,73
73181001,45.485,6.534,RR,MOUTIERS,480,MOUTIERS,73
73206001,45.386,6.717,RR,PRALOGNAN-LA-VANOISE,1420,PRALOGNAN LA VANOISE,73
73220001,45.477,6.271,RR,SAINT-ALBAN-D'HURTIERES,610,ST-ALBAN DES HURTIERES,73
73229001,45.453,5.777,RR,SAINT-CHRISTOPHE,420,ST-CHRISTOPHE LA-GROTTE,73
73258001,45.239,6.446,RR,SAINT-MARTIN-DE-LA-PORTE,763,ST-MARTIN DE LA PORTE,73
73261001,45.224,6.491,RR,SAINT-MICHEL-DE-MAURIENNE,1345,ST-MICHEL DE MAURIENNE,73
74024001,46.08,6.431,RR,AYSE,449,AYZE,74
74024001,46.08,6.431,TX,AYSE,449,AYZE,74
74035001,45.822,5.945,RR,BLOYE,375,BLOYE,74
74051002,46.032,6.044,RR,CERCIER,492,CERCIER,74
74056001,45.93,6.878,RR,CHAMONIX-MONT-BLANC,1042,CHAMONIX,74
74080002,45.887,6.427,RR,LA CLUSAZ,1180,CLUSAZ (LA),74
74083002,45.893,6.627,RR,COMBLOUX,1183,COMBLOUX,74
74085001,45.822,6.729,RR,LES CONTAMINES-MONTJOIE,1180,CONTAMINES MJ,74
74087001,46.129,6.34,RR,CONTAMINE-SUR-ARVE,452,CONTAMINE-SUR- ARVE,74
74087001,46.129,6.34,TN,CONTAMINE-SUR-ARVE,452,CONTAMINE-SUR- ARVE,74
74087001,46.129,6.34,TX,CONTAMINE-SUR-ARVE,452,CONTAMINE-SUR- ARVE,74
74093001,45.911,6.108,RR,ANNECY,426,CRAN-GEVRIER,74
74093001,45.911,6.108,TN,ANNECY,426,CRAN-GEVRIER,74
74093001,45.911,6.108,TX,ANNECY,426,CRAN-GEVRIER,74
74134002,46.159,6.67,RR,LES GETS,1172,GETS (LES),74
74137001,46.013,6.175,RR,GROISY,670,GROISY_SAPC,74
74137001,46.013,6.175,TN,GROISY,670,GROISY_SAPC,74
74173001,45.855,6.608,RR,MEGEVE,1080,MEGEVE,74
74203001,46.369,6.79,RR,NOVEL,949,NOVEL,74
74211002,46.098,6.261,RR,PERS-JUSSY,747,PERS JUSSY,74
74221001,46.011,6.536,RR,LE REPOSOIR,975,REPOSOIR (LE),74
74256001,45.932,6.651,RR,SALLANCHES,541,SALLANCHES,74
74258002,46.087,6.727,RR,SAMOENS,785,SAMOENS,74
74280001,45.878,6.323,RR,THONES,630,THONES,74
74280001,45.878,6.323,TN,THONES,630,THONES,74
74280001,45.878,6.323,TX,THONES,630,THONES,74
74281001,46.367,6.455,RR,THONON-LES-BAINS,376,THONON-INRA,74
74281001,46.367,6.455,TN,THONON-LES-BAINS,376,THONON-INRA,74
74281001,46.367,6.455,TX,THONON-LES-BAINS,376,THONON-INRA,74
74285002,46.013,5.845,RR,USINENS,452,USINENS SA,74
74286001,46.316,6.67,RR,VACHERESSE,790,VACHERESSE,74
75106001,48.845,2.334,RR,PARIS 6E ARRONDISSEMENT,46,LUXEMBOURG,75
75110001,48.883,2.352,RR,PARIS 10E ARRONDISSEMENT,55,LARIBOISIERE,75
76217001,49.933,1.09,RR,DIEPPE,40,DIEPPE,76
76217001,49.933,1.09,TN,DIEPPE,40,DIEPPE,76
76217001,49.933,1.09,TX,DIEPPE,40,DIEPPE,76
76228001,49.647,0.817,RR,ECTOT-LES-BAONS,150,ECTOT LES BAONS,76
76255002,50.058,1.421,RR,EU,13,EU,76
76259001,49.767,0.369,RR,FECAMP,104,FECAMP,76
76259001,49.767,0.369,TN,FECAMP,104,FECAMP,76
76259001,49.767,0.369,TX,FECAMP,104,FECAMP,76
76276001,49.603,1.523,RR,RONCHEROLLES-EN-BRAY,160,FORGES,76
77054001,48.352,3.023,RR,LA BROSSE-MONTCEAUX,77,LA BROSSE-MX,77
77084001,48.965,3.012,RR,CHANGIS-SUR-MARNE,70,CHANGIS,77
77113002,48.727,3.203,RR,CHEVRU,158,CHEVRU,77
77148002,49.093,3.07,RR,CROUY-SUR-OURCQ,62,CROUY-SUR-OURCQ,77
77159001,48.475,3.127,RR,DONNEMARIE-DONTILLY,97,DONNEMARIE,77
77186002,48.406,2.679,RR,FONTAINEBLEAU,84,FONTAINEBLEAU_SAPC,77
77186002,48.406,2.679,TX,FONTAINEBLEAU,84,FONTAINEBLEAU_SAPC,77
77239001,48.69,3.125,RR,JOUY-LE-CHATEL,135,JOUY-LE-CHATEL,77
77306001,48.61,2.68,RR,MONTEREAU-SUR-LE-JARD,91,MELUN,77
77306001,48.61,2.68,TN,MONTEREAU-SUR-LE-JARD,91,MELUN,77
77306001,48.61,2.68,TX,MONTEREAU-SUR-LE-JARD,91,MELUN,77
77333003,48.27,2.715,RR,NEMOURS,73,NEMOURS,77
77333003,48.27,2.715,TN,NEMOURS,73,NEMOURS,77
77333003,48.27,2.715,TX,NEMOURS,73,NEMOURS,77
77418001,48.536,3.21,RR,SAINT-LOUP-DE-NAUD,99,ST-LOUP-DE-NAUD,77
77489001,48.222,2.935,RR,VAUX-SUR-LUNAIN,136,VAUX-SUR-LUNAIN,77
77530001,48.613,3.35,RR,VOULTON,175,VOULTON_SAPC,77
78005002,48.983,2.126,RR,SAINT-GERMAIN-EN-LAYE,31,ACHERES,78
78380001,48.909,1.848,RR,MAULE,54,MAULE,78
78481001,48.888,2.116,RR,CROISSY-SUR-SEINE,27,LE PECQ,78
78486002,48.694,1.867,RR,LE PERRAY-EN-YVELINES,174,LE PERRAY,78
78620001,48.751,2.114,RR,TOUSSUS-LE-NOBLE,154,TOUSSUS LE NOBLE,78
78621001,48.774,2.01,RR,TRAPPES,167,TRAPPES,78
78621001,48.774,2.01,TN,TRAPPES,167,TRAPPES,78
78621001,48.774,2.01,TX,TRAPPES,167,TRAPPES,78
78640001,48.773,2.204,RR,VELIZY-VILLACOUBLAY,174,VILLACOUBLAY,78
78640001,48.773,2.204,TN,VELIZY-VILLACOUBLAY,174,VILLACOUBLAY,78
78640001,48.773,2.204,TX,VELIZY-VILLACOUBLAY,174,VILLACOUBLAY,78
79017001,46.941,-0.584,RR,NUEIL-LES-AUBIERS,118,NUEIL-LES-AUBIERS,79
79134001,46.856,-0.254,RR,GLENAY,121,GLENAY_SAPC,79
79148001,46.259,-0.012,RR,LEZAY,128,LEZAY,79
79176001,46.494,-0.064,RR,MENIGOUTE,138,MENIGOUTE_SAPC,79
79176001,46.494,-0.064,TN,MENIGOUTE,138,MENIGOUTE_SAPC,79
79176001,46.494,-0.064,TX,MENIGOUTE,138,MENIGOUTE_SAPC,79
79191005,46.316,-0.4,RR,NIORT,57,NIORT,79
79191005,46.316,-0.4,TN,NIORT,57,NIORT,79
79191005,46.316,-0.4,TX,NIORT,57,NIORT,79
79202003,46.637,-0.261,RR,PARTHENAY,159,PARTHENAY_SAPC,79
79270003,46.417,-0.21,RR,SAINT-MAIXENT-L'ECOLE,83,SAINT-MAIXENT-L-ECOLE_SAPC,79
79311002,46.597,-0.443,RR,SECONDIGNY,209,SECONDIGNY,79
79329001,46.989,-0.207,RR,THOUARS,81,THOUARS-STNA,79
80001001,50.136,1.834,RR,ABBEVILLE,69,ABBEVILLE,80
80001001,50.136,1.834,TN,ABBEVILLE,69,ABBEVILLE,80
80001001,50.136,1.834,TX,ABBEVILLE,69,ABBEVILLE,80
80041001,49.884,1.93,RR,AUMONT,119,AUMONT,80
80086002,50.139,2.181,RR,BERNAVILLE,146,BERNAVILLE,80
80248001,50.301,1.921,RR,DOMPIERRE-SUR-AUTHIE,36,DOMPIERRE-SUR-AUTHIE,80
80253002,50.148,2.349,RR,DOULLENS,59,DOULLENS,80
80271002,50.001,3.122,RR,EPEHY,117,EPEHY_SAPC,80
80379002,49.872,2.383,RR,GLISY,60,AMIENS-GLISY,80
80379002,49.872,2.383,TN,GLISY,60,AMIENS-GLISY,80
80379002,49.872,2.383,TX,GLISY,60,AMIENS-GLISY,80
80523001,49.972,2.704,RR,BRAY-SUR-SOMME,107,MEAULTE,80
80628001,49.754,2.555,RR,LE PLESSIER-ROZAINVILLERS,105,LE-PLESSIER-ROZAINVILLERS,80
80630001,49.778,1.98,RR,POIX-DE-PICARDIE,107,POIX-DE-PICARDIE,80
80713001,50.286,1.582,RR,SAINT-QUENTIN-EN-TOURMONT,5,SAINT-QUENTIN EN TT,80
80801001,49.877,2.898,RR,VILLERS-CARBONNEL,81,VILLERS-CARBONNEL,80
81014001,43.557,2.562,RR,ANGLES,743,ANGLES,81
81069001,44.074,1.956,RR,CORDES-SUR-CIEL,173,CORDES,81
81081002,43.491,2.14,RR,DOURGNE,234,DOURGNE,81
81081002,43.491,2.14,TN,DOURGNE,234,DOURGNE,81
81081002,43.491,2.14,TX,DOURGNE,234,DOURGNE,81
81124001,43.708,2.704,RR,LACAUNE,811,LACAUNE,81
81124001,43.708,2.704,TN,LACAUNE,811,LACAUNE,81
81124001,43.708,2.704,TX,LACAUNE,811,LACAUNE,81
81140002,43.694,1.866,RR,LAVAUR,131,LAVAUR,81
81182004,43.725,2.356,RR,MONTREDON-LABESSONNIE,566,MONTREDON-LABESSONNIE,81
82038006,44.22,1.704,RR,CAYLUS,274,CAYLUS,82
82121002,44.028,1.377,RR,MONTAUBAN,106,MONTAUBAN,82
82121002,44.028,1.377,TN,MONTAUBAN,106,MONTAUBAN,82
82121002,44.028,1.377,TX,MONTAUBAN,106,MONTAUBAN,82
82174001,44.171,1.46,RR,SAINT-VINCENT-D'AUTEJAC,191,ST-VINCENT,82
82180001,43.932,1.068,RR,SERIGNAC,151,SERIGNAC,82
82180001,43.932,1.068,TX,SERIGNAC,151,SERIGNAC,82
83004004,43.451,6.471,RR,LES ARCS,55,LES ARCS_SAPC,83
83031001,43.383,6.386,RR,LE CANNET-DES-MAURES,80,LE LUC,83
83031001,43.383,6.386,TN,LE CANNET-DES-MAURES,80,LE LUC,83
83031001,43.383,6.386,TX,LE CANNET-DES-MAURES,80,LE LUC,83
83043005,43.232,6.258,RR,COLLOBRIERES,128,COLLOBRIERES_SAPC,83
83044003,43.659,6.471,RR,MONTFERRAT,892,COMPS-SUR-ARTUBY,83
83050007,43.526,6.453,RR,DRAGUIGNAN,173,DRAGUIGNAN_SAPC,83
83050007,43.526,6.453,TX,DRAGUIGNAN,173,DRAGUIGNAN_SAPC,83
83061001,43.424,6.738,RR,FREJUS,7,FREJUS,83
83061001,43.424,6.738,TN,FREJUS,7,FREJUS,83
83061001,43.424,6.738,TX,FREJUS,7,FREJUS,83
83069001,43.094,6.146,RR,HYERES,2,HYERES,83
83069001,43.094,6.146,TN,HYERES,2,HYERES,83
83069001,43.094,6.146,TX,HYERES,2,HYERES,83
83069002,43.0,6.227,RR,HYERES,135,PORQUEROLLES,83
83069002,43.0,6.227,TN,HYERES,135,PORQUEROLLES,83
83074002,43.771,6.599,RR,LA MARTRE,967,LA MARTRE,83
83075001,43.317,6.358,RR,LES MAYONS,147,LES MAYONS_SAPC,83
83080001,43.694,6.71,RR,MONS,796,MONS,83
83101001,43.201,6.675,RR,RAMATUELLE,107,CAP CAMARAT,83
83102005,43.668,6.105,RR,REGUSSE,561,REGUSSE,83
83116022,43.478,5.848,RR,SAINT-MAXIMIN-LA-SAINTE-BAUME,294,ST MAXIMIN LA STE BAUME,83
83137001,43.116,5.901,RR,TOULON,3,TOULON,83
83137001,43.116,5.901,TN,TOULON,3,TOULON,83
84003002,43.881,5.414,RR,APT,242,APT-VITON,84
84003002,43.881,5.414,TN,APT,242,APT-VITON,84
84003002,43.881,5.414,TX,APT,242,APT-VITON,84
84009002,43.787,5.615,RR,LA BASTIDE-DES-JOURDANS,381,LA BASTIDE DES JOURDANS,84
84025001,43.884,5.165,RR,CABRIERES-D'AVIGNON,142,CABRIERES D'AVIGNON,84
84025001,43.884,5.165,TX,CABRIERES-D'AVIGNON,142,CABRIERES D'AVIGNON,84
84054001,43.902,5.051,RR,L'ISLE-SUR-LA-SORGUE,64,ISLE SUR SORGUE,84
84064001,44.321,4.658,RR,LAPALUD,46,LAPALUD,84
84069001,44.169,5.118,RR,MALAUCENE,340,MALAUCENE,84
84074004,43.752,5.193,RR,MERINDOL,150,MERINDOL,84
84087001,44.145,4.861,RR,ORANGE,57,ORANGE,84
84087001,44.145,4.861,TN,ORANGE,57,ORANGE,84
84087001,44.145,4.861,TX,ORANGE,57,ORANGE,84
84107002,44.041,5.493,RR,SAINT-CHRISTOL,836,ST CHRISTOL,84
85005001,46.619,-0.775,RR,ANTIGNY,75,ANTIGNY,85
85051001,46.693,-1.048,RR,CHANTONNAY,93,CHANTONNAY,85
85051001,46.693,-1.048,TX,CHANTONNAY,93,CHANTONNAY,85
85092004,46.448,-0.78,RR,FONTENAY-LE-COMTE,20,FONTENAY,85
85109001,46.856,-1.018,RR,LES HERBIERS,103,LES HERBIERS,85
85113001,46.694,-2.33,RR,L'ILE-D'YEU,32,L ILE D YEU,85
85113001,46.694,-2.33,TN,L'ILE-D'YEU,32,L ILE D YEU,85
85113001,46.694,-2.33,TX,L'ILE-D'YEU,32,L ILE D YEU,85
85163001,47.005,-2.257,RR,NOIRMOUTIER-EN-L'ILE,3,NOIRMOUTIER EN,85
85163001,47.005,-2.257,TN,NOIRMOUTIER-EN-L'ILE,3,NOIRMOUTIER EN,85
85169002,46.808,-1.598,RR,PALLUAU,51,PALLUAU,85
85190001,46.957,-1.483,RR,ROCHESERVIERE,43,ROCHESERVIERE,85
85216001,46.44,-1.121,RR,SAINTE-GEMME-LA-PLAINE,3,SAINTE GEMME LA PLAINE_SAPC,85
85216001,46.44,-1.121,TN,SAINTE-GEMME-LA-PLAINE,3,SAINTE GEMME LA PLAINE_SAPC,85
85216001,46.44,-1.121,TX,SAINTE-GEMME-LA-PLAINE,3,SAINTE GEMME LA PLAINE_SAPC,85
86015001,46.121,0.651,RR,AVAILLES-LIMOUZINE,156,AVAILLES-LIMOUZ,86
86027001,46.594,0.314,RR,POITIERS,125,POITIERS-BIARD,86
86027001,46.594,0.314,TN,POITIERS,125,POITIERS-BIARD,86
86027001,46.594,0.314,TX,POITIERS,125,POITIERS-BIARD,86
86032001,46.682,0.566,RR,BONNEUIL-MATOURS,57,BONNEUIL-MATOUR,86
86066001,46.814,0.577,RR,CHATELLERAULT,116,CHATELLERAULT,86
86078002,46.16,0.299,RR,CIVRAY,143,CIVRAY,86
86137003,47.035,0.098,RR,LOUDUN,96,LOUDUN,86
86139001,46.418,0.119,RR,LUSIGNAN,152,LUSIGNAN-INRA,86
86140001,46.4,0.735,RR,LUSSAC-LES-CHATEAUX,103,LUSSAC-LES-CHAT,86
86152002,46.169,0.513,RR,MAUPREVOIR,144,MAUPREVOIR,86
86165005,46.412,0.841,RR,SILLARS,153,MONTMORILLON,86
86273001,46.464,1.042,RR,LA TRIMOUILLE,121,LA TRIMOUILLE,86
87009003,45.802,1.863,RR,BEAUMONT-DU-LAC,670,BEAUMONT DU LAC,87
87011002,46.12,1.053,RR,BELLAC,241,BELLAC,87
87059001,46.221,1.081,RR,LE DORAT,222,LE DORAT,87
87089003,46.21,1.187,RR,MAGNAC-LAVAL,246,MAGNAC-LAVAL,87
87103002,46.005,1.181,RR,NANTIAT,335,NANTIAT,87
87103002,46.005,1.181,TX,NANTIAT,335,NANTIAT,87
87106001,45.681,1.189,RR,NEXON,336,NEXON,87
87106001,45.681,1.189,TN,NEXON,336,NEXON,87
87106001,45.681,1.189,TX,NEXON,336,NEXON,87
87113001,45.878,1.343,RR,LE PALAIS-SUR-VIENNE,286,LE PALAIS SUR VIENNE,87
87113001,45.878,1.343,TN,LE PALAIS-SUR-VIENNE,286,LE PALAIS SUR VIENNE,87
87113001,45.878,1.343,TX,LE PALAIS-SUR-VIENNE,286,LE PALAIS SUR VIENNE,87
87146002,45.613,1.5,RR,SAINT-GERMAIN-LES-BELLES,418,ST GERMAIN BELL,87
87183001,45.989,1.33,RR,SAINT-SYLVESTRE,423,ST SYLV CROUZIL,87
88075005,48.008,6.942,RR,LA BRESSE,772,LA_BRESSE_SAPC,88
88095003,48.309,5.834,RR,CHATENOIS,330,CHATENOIS,88
88136001,48.211,6.452,RR,DOGNEVILLE,317,EPINAL,88
88136001,48.211,6.452,TN,DOGNEVILLE,317,EPINAL,88
88136001,48.211,6.452,TX,DOGNEVILLE,317,EPINAL,88
88196009,48.072,6.834,RR,GERARDMER,669,GERARDMER,88
88196009,48.072,6.834,TN,GERARDMER,669,GERARDMER,88
88201003,48.138,6.324,RR,GIRANCOURT,355,GIRANCOURT,88
88383001,48.019,6.591,RR,REMIREMONT,384,REMIREMONT,88
88393003,48.359,5.717,RR,NEUFCHATEAU,372,ROLLAINVILLE,88
88402002,48.383,6.608,RR,ROVILLE-AUX-CHENES,278,ROVILLE,88
88408002,47.918,6.663,RR,RUPT-SUR-MOSELLE,427,RUPT-SUR-MOSELLE,88
89003001,47.871,3.352,RR,MONTHOLON,124,AILLANT,89
89014001,48.078,3.583,RR,ARCES-DILO,266,ARCES,89
89068001,47.822,3.791,RR,CHABLIS,141,CHABLIS_SAPC,89
89086001,47.883,3.08,RR,CHARNY OREE DE PUISAYE,179,CHARNY,89
89173001,47.691,3.26,RR,FONTAINES,320,FONTAINES,89
89206001,47.983,3.371,RR,JOIGNY,75,JOIGNY,89
89273001,47.62,3.153,RR,MOUTIERS-EN-PUISAYE,222,MOUTIERS_SAPC,89
89279002,47.683,3.949,RR,NOYERS,266,NOYERS_SAPC,89
89295001,47.825,3.55,RR,PERRIGNY,152,AUXERRE-PERRIGNY,89
89295001,47.825,3.55,TN,PERRIGNY,152,AUXERRE-PERRIGNY,89
89295001,47.825,3.55,TX,PERRIGNY,152,AUXERRE-PERRIGNY,89
89342001,48.221,3.267,RR,SAINT-DENIS-LES-SENS,65,ST DENIS LES SENS,89
90035001,47.592,6.837,RR,DORANS,401,DORANS,90
90035001,47.592,6.837,TN,DORANS,401,DORANS,90
90035001,47.592,6.837,TX,DORANS,401,DORANS,90
90056002,47.526,7.003,RR,JONCHEREY,359,JONCHEREY,90
90065003,47.813,6.843,RR,LEPUIX,1153,BALLON_SAPC,90
91027002,48.718,2.397,RR,ATHIS-MONS,86,ORLY,91
91027002,48.718,2.397,TN,ATHIS-MONS,86,ORLY,91
91027002,48.718,2.397,TX,ATHIS-MONS,86,ORLY,91
91103001,48.601,2.326,RR,LE PLESSIS-PATE,78,BRETIGNY_SAPC,91
91103001,48.601,2.326,TN,LE PLESSIS-PATE,78,BRETIGNY_SAPC,91
91103001,48.601,2.326,TX,LE PLESSIS-PATE,78,BRETIGNY_SAPC,91
91275001,48.677,2.136,RR,GOMETZ-LE-CHATEL,159,GOMETZ-LE-CHAT.,91
91405002,48.382,2.432,RR,MILLY-LA-FORET,109,MILLY-LA-FORET,91
92073001,48.871,2.235,RR,PUTEAUX,30,SURESNES,92
93050001,48.861,2.55,RR,NEUILLY-SUR-MARNE,45,NEUILLY-SUR-M.,93
94042001,48.814,2.463,RR,JOINVILLE-LE-PONT,37,JOINVILLE,94
94068001,48.809,2.492,RR,SAINT-MAUR-DES-FOSSES,48,ST-MAUR,94
94068001,48.809,2.492,TN,SAINT-MAUR-DES-FOSSES,48,ST-MAUR,94
94068001,48.809,2.492,TX,SAINT-MAUR-DES-FOSSES,48,ST-MAUR,94
95078001,49.09,2.029,RR,BOISSY-L'AILLERIE,87,PONTOISE - AERO,95
95078001,49.09,2.029,TN,BOISSY-L'AILLERIE,87,PONTOISE - AERO,95
95078001,49.09,2.029,TX,BOISSY-L'AILLERIE,87,PONTOISE - AERO,95
95088001,48.967,2.428,RR,BONNEUIL-EN-FRANCE,49,LE BOURGET,95
95088001,48.967,2.428,TN,BONNEUIL-EN-FRANCE,49,LE BOURGET,95
95088001,48.967,2.428,TX,BONNEUIL-EN-FRANCE,49,LE BOURGET,95
2705001,49.566,4.037,TN,NIZY-LE-COMTE,90,NIZY-LE-COMTE,2
3180001,46.536,3.423,TN,TOULON-SUR-ALLIER,275,MONTBEUGNY,3
3180001,46.536,3.423,TX,TOULON-SUR-ALLIER,275,MONTBEUGNY,3
5183001,44.88,6.64,TN,VILLAR-SAINT-PANCRACE,1310,VILLAR ST PANCRACE,5
5183001,44.88,6.64,TX,VILLAR-SAINT-PANCRACE,1310,VILLAR ST PANCRACE,5
7265001,45.296,4.642,TN,SAINT-MARCEL-LES-ANNONAY,484,ST-MARCEL ANNONAY,7
8089003,49.427,4.965,TN,BUZANCY,199,BUZANCY_SAPC,8
8145001,49.658,5.04,TN,DOUZY,153,DOUZY,8
8145001,49.658,5.04,TX,DOUZY,153,DOUZY,8
16279001,45.262,0.003,TN,RIOUX-MARTIN,81,RIOUX MARTIN,16
16279001,45.262,0.003,TX,RIOUX-MARTIN,81,RIOUX MARTIN,16
17339002,45.458,-0.41,TN,SAINT-GERMAIN-DE-LUSIGNAN,71,ST GERMAIN DE LUSIGNAN,17
17339002,45.458,-0.41,TX,SAINT-GERMAIN-DE-LUSIGNAN,71,ST GERMAIN DE LUSIGNAN,17
20041001,41.375,9.178,TN,BONIFACIO,107,CAP PERTUSATO,20
20041001,41.375,9.178,TX,BONIFACIO,107,CAP PERTUSATO,20
20050001,42.53,8.792,TN,CALVI,57,CALVI,20
20050001,42.53,8.792,TX,CALVI,57,CALVI,20
20107001,43.004,9.36,TN,ERSA,72,CAP CORSE,20
20148001,42.541,9.485,TN,LUCCIANA,10,BASTIA,20
20148001,42.541,9.485,TX,LUCCIANA,10,BASTIA,20
21638002,47.545,5.208,TN,TIL-CHATEL,283,TIL-CHATEL_SAPC,21
22016001,48.855,-3.005,TN,ILE-DE-BREHAT,25,ILE-DE-BREHAT,22
22016001,48.855,-3.005,TX,ILE-DE-BREHAT,25,ILE-DE-BREHAT,22
22282001,48.645,-2.247,TN,SAINT-CAST-LE-GUILDO,35,SAINT-CAST-LE-G,22
22282001,48.645,-2.247,TX,SAINT-CAST-LE-GUILDO,35,SAINT-CAST-LE-G,22
22372001,48.535,-2.852,TN,TREMUSON,135,ST BRIEUC,22
22372001,48.535,-2.852,TX,TREMUSON,135,ST BRIEUC,22
23067001,45.703,2.264,TN,LA COURTINE,772,LA COURTINE,23
23067001,45.703,2.264,TX,LA COURTINE,772,LA COURTINE,23
24138004,45.16,0.677,TN,COULOUNIEIX-CHAMIERS,217,COULOUNIEIX,24
28064002,48.802,1.493,TN,BU,132,BU_SAPC,28
29022001,48.275,-4.607,TN,CAMARET-SUR-MER,44,CAMARET,29
29022001,48.275,-4.607,TX,CAMARET-SUR-MER,44,CAMARET,29
30339001,44.121,3.582,TN,VAL-D'AIGOUAL,1567,MONT AIGOUAL,30
30339001,44.121,3.582,TX,VAL-D'AIGOUAL,1567,MONT AIGOUAL,30
33550001,44.79,-0.577,TN,VILLENAVE-D'ORNON,25,VILLENAVE D'ORNON-INRA,33
33550001,44.79,-0.577,TX,VILLENAVE-D'ORNON,25,VILLENAVE D'ORNON-INRA,33
34301002,43.397,3.692,TN,SETE,75,SETE,34
34301002,43.397,3.692,TX,SETE,75,SETE,34
35110003,48.327,-1.597,TN,FEINS,87,FEINS  SA,35
35110003,48.327,-1.597,TX,FEINS,87,FEINS  SA,35
37003001,47.394,0.977,TN,AMBOISE,119,AMBOISE,37
37003001,47.394,0.977,TX,AMBOISE,119,AMBOISE,37
38299001,44.784,5.906,TN,PELLAFOL,947,PELLAFOL-CHANEAUX,38
38299001,44.784,5.906,TX,PELLAFOL,947,PELLAFOL-CHANEAUX,38
38366001,44.796,5.796,TN,SAINT-BAUDILLE-ET-PIPET,1040,ST-BAUDILLE,38
38366001,44.796,5.796,TX,SAINT-BAUDILLE-ET-PIPET,1040,ST-BAUDILLE,38
38548001,45.079,5.561,TN,VILLARD-DE-LANS,1027,VILLARD-DE-LANS,38
38548001,45.079,5.561,TX,VILLARD-DE-LANS,1027,VILLARD-DE-LANS,38
39013004,46.896,5.74,TN,ARBOIS,313,ARBOIS_SAPC,39
41097001,47.32,1.688,TN,GIEVRES,83,ROMORANTIN,41
41097001,47.32,1.688,TX,GIEVRES,83,ROMORANTIN,41
43096001,45.3,3.42,TN,FONTANNES,435,FONTANNES,43
52332001,48.022,5.587,TN,VAL-DE-MEUSE,380,VAL-DE-MEUSE,52
56165003,47.951,-2.398,TN,PLOERMEL,65,PLOERMEL,56
56165003,47.951,-2.398,TX,PLOERMEL,65,PLOERMEL,56
62298001,50.226,3.164,TN,EPINOY,76,CAMBRAI-EPINOY,62
62298001,50.226,3.164,TX,EPINOY,76,CAMBRAI-EPINOY,62
64068001,43.127,-0.273,TN,ASSON,337,ASSON,64
67498001,48.884,7.582,TN,UHRWILLER,217,UHRWILLER_SAPC,67
67498001,48.884,7.582,TX,UHRWILLER,217,UHRWILLER_SAPC,67
69141001,45.615,4.674,TN,MORNANT,343,MORNANT,69
69141001,45.615,4.674,TX,MORNANT,343,MORNANT,69
71320001,46.628,4.477,TN,MONT-SAINT-VINCENT,601,MT-ST-VINCENT,71
71320001,46.628,4.477,TX,MONT-SAINT-VINCENT,601,MT-ST-VINCENT,71
71491001,46.408,4.017,TN,SAINT-YAN,242,ST YAN,71
71491001,46.408,4.017,TX,SAINT-YAN,242,ST YAN,71
73026001,45.214,6.717,TN,AVRIEUX,1104,AVRIEUX,73
73026001,45.214,6.717,TX,AVRIEUX,1104,AVRIEUX,73
76116001,49.39,1.178,TN,BOOS,156,ROUEN-BOOS,76
76116001,49.39,1.178,TX,BOOS,156,ROUEN-BOOS,76
76302002,49.642,0.368,TN,GODERVILLE,118,GODERVILLE,76
76552001,49.509,0.071,TN,SAINTE-ADRESSE,100,CAP-DE-LA-HEVE,76
76552001,49.509,0.071,TX,SAINTE-ADRESSE,100,CAP-DE-LA-HEVE,76
77211001,48.595,3.008,TN,GRANDPUITS-BAILLY-CARROIS,128,NANGIS,77
77211001,48.595,3.008,TX,GRANDPUITS-BAILLY-CARROIS,128,NANGIS,77
79220002,46.231,-0.669,TN,PRIN-DEYRANCON,8,PRIN-DEYRANCON_SAPC,79
79220002,46.231,-0.669,TX,PRIN-DEYRANCON,8,PRIN-DEYRANCON_SAPC,79
79320002,46.46,-0.46,TN,SURIN,100,SURIN_SAPC,79
80182003,50.187,1.521,TN,CAYEUX-SUR-MER,4,CAYEUX-SUR-MER,80
80606002,49.957,1.77,TN,OISEMONT,121,OISEMONT_SAPC,80
80682001,49.765,2.698,TN,ROUVROY-EN-SANTERRE,95,ROUVROY-EN-SANTERRE,80
83145001,43.594,5.963,TN,VARAGES,348,VARAGES,83
83145001,43.594,5.963,TX,VARAGES,348,VARAGES,83
85152001,46.621,-1.633,TN,LES ACHARDS,58,LA MOTHE ACHARD,85
86039001,46.276,0.19,TN,BRUX,148,BRUX_SAPC,86
89333001,47.488,4.059,TN,SAINT-ANDRE-EN-TERRE-PLAINE,300,ST ANDRE,89
89333001,47.488,4.059,TX,SAINT-ANDRE-EN-TERRE-PLAINE,300,ST ANDRE,89
89387002,48.168,3.289,TN,SENS,70,SENS,89
89387002,48.168,3.289,TX,SENS,70,SENS,89
91184001,48.422,2.374,TN,COURDIMANCHE-SUR-ESSONNE,71,COURDIMANCHE,91
91184001,48.422,2.374,TX,COURDIMANCHE-SUR-ESSONNE,71,COURDIMANCHE,91
4019001,44.391,6.67,TX,FAUCON-DE-BARCELONNETTE,1155,BARCELONNETTE,4
6004009,43.599,7.111,TX,ANTIBES,32,ANTIBES_SAPC,6
6152002,43.623,7.029,TX,VALBONNE,238,VALBONNE-SOPHIA,6
12154003,43.892,2.836,TX,MONTLAUR,374,MONTLAUR,12
25219002,47.127,6.366,TX,EPENOY,752,EPENOY,25
25512001,47.162,6.738,TX,LE RUSSEY,891,LE RUSSEY,25
38538002,45.217,5.849,TX,LE VERSOUD,220,GRENOBLE - LVD,38
42299001,45.625,4.079,TX,SAVIGNEUX,370,SAVIGNEUX,42
50277001,48.862,-1.573,TX,BREVILLE-SUR-MER,5,LONGUEVILLE,50
60382001,49.432,2.804,TX,MARGNY-LES-COMPIEGNE,92,MARGNY-LES-COMPIEGNE,60
63003004,45.517,3.743,TX,AMBERT,555,AMBERT,63
73197001,45.544,6.757,TX,PEISEY-NANCROIX,1350,PEISEY NANCROIX,73
73290002,45.275,6.815,TX,VAL-CENIS,1280,TERMIGNON-CLIM,73
73306005,45.173,6.433,TX,VALLOIRE,1460,VALLOIRE FOREST,73
84007005,43.911,4.903,TX,AVIGNON,34,AVIGNON,84
86289001,46.243,0.67,TX,LE VIGEANT,117,LE-VIGEANT,86
